AC/DC : братья Янг,Финк Д.,"AC/DC: Братья Янг"" рассказывает историю этого музыкального коллектива и коммерческого колосса, раскрывая некоторые личные и творческие секреты. 
Джесси Финк предоставляет нам разные версии множества историй, и особенно закулисных. 
Финк явно обожает AC/DC, но осознаёт, что у старой тётки бородавки под косметикой, и он не стесняется иной раз выставить Янгов в не очень приглядном свете.",5 200 тг,5,АСТ,2018 г.,9785171089689,Твердый,28 мм,Неизвестно,Неизвестно,http://www.bookcity.kz/content/images/thumbs/5121205_1453995.jpeg
BTS. Биография популярной корейской группы,Крофт М.,"BTS ARMY, у вас в руках самая полная версия фан-книги, дающая возможность рассмотреть все стороны жизни каждого участника самой популярной на планете K-POP группы — BTS!",4 600 тг,5,АСТ,2019 г.,9785171164607,Твердый,5 мм,Неизвестно,Неизвестно,http://www.bookcity.kz/content/images/thumbs/5131956_1464315.jpeg
Cradle of Filth - Beauty & The Beast,Неизвестно,"Предлагаем вашему вниманию энциклопедию хард-рока ""Cradle of Filth: Beauty & The Best"".",2 900 тг,0,Трансстройсервис,2009 г.,9785853021525,224,Мягкий,10 мм,Неизвестно,http://www.bookcity.kz/content/images/thumbs/5007439_1329041.jpeg
Depeche Mode,Малинс С.,"Написанная в сотрудничестве с музыкантами, эта биография рассказывает подлинную историю группы - причудливую, веселую, экстремальную и порой разрушительную. Она повествует о безрассудном и ярком Дэйве Гаане, скромном и искусном Мартине Горе, прагматичном и бескомпромиссном Энди Флетчере. С 1980-х годов знаменитое трио пережило немало трудностей на своем пути: личные проблемы, конфликты, уход Винса Кларка и Алана Уайлдера, и другие превратности мировой славы. Depeche Mode сумели изменить этот мир и стать самой популярной группой электронной музыки, которую он только знал. И это их история. ""Скрупулезно исследованная история необычной группы... действительно увлекательная вещь"". Uncut.",5 500 тг,0,АСТ,2018 г.,9785171076481,352,Твердый,240 мм x 170 мм,580 г.,http://www.bookcity.kz/content/images/thumbs/5123272_1455974.jpeg
Depeche Mode: Обнаженные до костей,Мендельсон Ф.,"Книга рассказывает о становлении поистине культовой британской группы, повлиявшей на всю мировую поп-музыку последних десятилетий.",4 400 тг,5,Пальмира,2018 г.,9785521007479,566,Твердый,215 мм x 145 мм,660 г.,http://www.bookcity.kz/content/images/thumbs/5123039_1455769.jpeg
Elton John,Болмер Э.,"Элтон - обладатель ряда впечатляющих наград: пять ""Грэмми"", одна ""Тони"", один ""Оскар"", самый продаваемый сингл всех времен, свыше 250 миллионов проданных записей, место в Зале славы рок-н-ролла, рыцарский титул. Список можно продолжить. Он свидетельствует не только о целеустремленности и огромном музыкальном таланте, но и о всемирной привлекательности и способности общаться при помощи музыки. Превосходные фотографии, собранные в этой книге, отражают все периоды жизни Элтона - от ранних лет его расцветающей карьеры через годы наркозависимости к постепенному обретению себя и в профессиональном, и в личном смысле. Они воссоздают историю невероятной легенды, сэра Элтона Джона.",5 000 тг,5,АСТ,2015 г.,9785271459801,224,Твердый,16 мм,Неизвестно,http://www.bookcity.kz/content/images/thumbs/5086145_1354172.jpeg
Kiss. Лицом к музыке: срывая маску,Стэнли П.,"Наполненная неизвестными непубликовавшимися фото, Лицом к музыке – это ярчайший многоцветный портрет человека и группы, в создании которой он принимал непосредственное участие, которую он придумал и развивал. Совершенно реальные истории, рассказанные Полом Стэнли так мастерски и честно, шокируют, забавляют и вдохновляют. Пол Стэнли – сооснователь, вокалист и гитарист группы KISS, основанной в 1973 году в городе Нью-Йорке. Он разработал большинство обложек альбомов KISS, костюмов, сценических декораций, помимо того, что написал большинство самых успешных песен группы. Продав более ста миллионов пластинок по всему миру, KISS возглавляет топ американских групп, получив наибольшее в истории количество «золотых» альбомов. В 2014 году Стенли вместе с коллегами по группе был введён в Зал славы рок-н-ролла. Художник, продавший своих полотен на два миллиона долларов. партнёр-основатель сети ресторанов Rock & Brews. совладелец Arena Football League’s L.A. KISS, Стенли – убеждённый и активный сторонник различных проектов организации «Раненый воин». Пол Стенли живёт в Лос-Анджелесе с женой Эрин и четырьмя детьми.",7 600 тг,5,АСТ,2019 г.,9785171155315,Твердый,15 мм,Неизвестно,Неизвестно,http://www.bookcity.kz/content/images/thumbs/5131957_1464316.jpeg
Lady Gaga. Экстремальный стиль,Гудман Л.,"Ни одна суперзвезда не ""упакована"" так, как Леди Гага. Менее чем за год она превратилась из поп-певицы в поп-икону, благодаря своему таланту, куражу и, конечно же, эпатажному, провоцирующему стилю. С помощью коллекции доведенных до крайности, зачастую провокационных нарядов она достигла нового уровня в ""жизни в славе"". Книга ""Lady Gaga. Экстремальный стиль"" - это глубокий взгляд на длинный перечень асимметричных платьев, сногсшибательных трико и непрактичных, но немыслимо модных каблуков. ВЕДУЩИЕ МИРОВЫЕ ДИЗАЙНЕРЫ обожают Леди Гагу. Все, от Армани и Хусейна Чалаяна до почившего Александра Маккуина, брали ее под свое крыло. ТОЛЬКО ВПЕРЕД Леди Гага никогда не останавливается. Двадцать четыре часа в сутки она претворяет в жизнь каждую деталь своего представления о том, как должна выглядеть знаменитость - от искусственных ногтей и накладных ресниц до кончиков пальцев ног. ВИЗУАЛЬНЫЙ ВЗРЫВ на экране, на сцене и на любой странице - вот ее главная задача. Более 120...",12 800 тг,0,АСТ,2011 г.,9785170733156,144,Мягкий,15 мм,Неизвестно,http://www.bookcity.kz/content/images/thumbs/5017252_1335986.jpeg
Linkin Park. Руководство пользователя,Дэниелс Н.,"Британский музыкальный журналист Нил Дэниелс, собрав множество фактов из широчайшего спектра источников, составил энциклопедически точную хронику восхождения к успеху этих безусловных героев нового поколения. Отчет о взлете одной из самых популярных американских рок-команд третьего тысячелетия начинается с биографии коллектива и его участников, а затем детально рассматривает все их аудио- и видеорелизы, гастрольные турне, совместные работы с другими музыкантами и сайд-проекты. В послесловии творческий путь Linkin Park прослежен до нынешних дней - вплоть до трагической кончины вокалиста группы Честера Беннингтона.",4 500 тг,5,Рипол Классик,2018 г.,9785386109011,Твердый,25 мм,Неизвестно,Неизвестно,http://www.bookcity.kz/content/images/thumbs/5128071_1460558.jpeg
LOUNA. Грязные гастроли,Еркович В.А.,"LOUNA – российская рок-группа, дебютное выступление которой состоялось 23 мая 2009 года в московском клубе ""Точка"", и с этого момента началась их история. Настоящее издание подготовлено к юбилею группы благодаря мощной поддержке поклонников LOUNA и монументальному труду Владимира Ерковича, который проехал с музыкантами гастрольный тур и записал их десятилетнюю историю. ""Грязные гастроли"" поражает невероятным откровением и честностью ее участников. Они без прикрас делятся своими проблемами, рассказывают о конфликтах и событиях, повлиявших на их судьбы.",5 800 тг,5,АСТ,2019 г.,9785171059804,Твердый,20 мм,Неизвестно,Неизвестно,http://www.bookcity.kz/content/images/thumbs/5131571_1463953.jpeg
Madonna,Клейтон М.,"При удивительном таланте Мадонны к преображению, который держит ее карьеру на пике популярности, она является одной из наиболее влиятельных исполнительниц на протяжении 25 лет музыкальной истории. Ее зрелищные концертные туры легендарны, некоторые стали самыми прибыльными в истории шоу-бизнеса реализовав более 200 миллионов копий альбомов по всему миру. Это богато иллюстрированная книга с большим количеством классических и редких фотографий, снабженных информативными подписями, рассказывает удивительную историю продолжительной карьеры Мадонны как одной из наиболее ярких исполнительниц поколения.",5 200 тг,5,АСТ,2012 г.,9785271427732,224,Твердый,225 мм x 226 мм,681 г.,http://www.bookcity.kz/content/images/thumbs/5008474_1331746.jpeg
Madonna. Подлинная биография королевы поп-музыки,О Брайен Л.,Беспристрастное исследование британского музыкального журналиста Люси О'Брайен - самая полная биография королевы поп-сцены.,3 000 тг,4,Амфора,2009 г.,9785367009880,480,Твердый,200 мм x 130 мм,145 г.,http://www.bookcity.kz/content/images/thumbs/5036232_1358318.jpeg
"Marilyn Manson. Долгий, трудный путь из ада","Мэнсон М., Штраус Н.","«Подчас трогательная, забавная, отвратительная и тревожащая. ... Ничего подобного никогда не было». — Rolling Stone «Невообразимо извращённый и безумный». — Newsweek «Захватывающе грязный отчёт о его взрослении и восхождении к проклятию». — Us «По сравнению с этим знаменитый «Секс» Мадонны – откровенно благотворный». — Elle «Если б у Маркиза де Сада был сын, играющий в хард-рок-группе, и этот сын написал бы книгу, то это была бы эта книга». — Christian Science Monitor «Отвратительно... Прекрасно написано и необыкновенно заразительно». — Chicago Fun-Times «Абсолютно пленительно во всём этом намеренном, чрезмерно дрянном вкусе». — Edge «Резкая цветастая проза, которая подходит выдающейся личности автора как пара резиновых шорт». — Paper",5 200 тг,0,АСТ,2018 г.,9785171083830,Твердый,20 мм,Неизвестно,Неизвестно,http://www.bookcity.kz/content/images/thumbs/5125896_1458401.jpeg
MOBY. Саундтрек моей жизни. Автобиография музыканта,Холл Р.М.,"Автобиография одного из самых культовых музыкантов нашего времени - пугающе откровенная, чувственная, остроумная, грустная и смешная, охватывающая путь от беспросветной нищеты в трущобах до ошеломительного мирового успеха. Моби не должен был стать диджеем или музыкантом, не должен был стать звездой, и на это была тысяча причин. Время начала его карьеры было временем наркотиков, прогрессивной клубной музыки, а сам он был бедным подростком-христианином из Коннектикута, трезвенником, помешанным на здоровом питании и любви к животным. У него не было ничего, и он даже нашел пути, как с этим смириться. Но, возможно, именно те годы в Нью-Йорке, как раз и были такими, когда только нищета могла сохранить жизнь. Не без трагедии и драмы Моби нашел свой путь и вырвался на вершины музыкального мира. Моби с поразительной честностью и романтической иронией пишет о любви и боли, взлетах и падениях, которые и составляют непредсказуемую амплитуду рок-славы.",5 500 тг,0,Эксмо,2019 г.,9785040946549,Твердый,15 мм,Неизвестно,Неизвестно,http://www.bookcity.kz/content/images/thumbs/5130015_1462414.jpeg
Motorhead. На автопилоте,Неизвестно,"Более яркий и узнаваемый дизайн уже известной серии книг о рок-музыке. Автобиография одного из самых известных и культовых рок-музыкантов планеты. Фан-клуб в России более 100000 человек. Автобиография одного из самых известных рок-музыкантов планеты - Лемми Килмистера, вокалиста, бас-гитариста, основателя группы Motorhead. Самое удивительное в этой книге - невероятный градус добра и понимания, которым она проникнута. Даже в конченых подонках он старался увидеть живых людей с достоинствами и недостатками, а уж о женщинах он говорил с рыцарственной щедростью. Рядом с ним Кит Ричардс - мальчик из церковного хора, а Оззи Осборн похож на проповедника здорового образа жизни. На пути неукротимого Лемми было столько препаратов, женщин и алкоголя, что хватило бы на добрый десяток рок-звезд, не доживших до его возраста. При этом ему удалось прославиться отнюдь не своими излишествами - Лемми действительно изменил лицо музыки и покорил мир...",6 100 тг,0,АСТ,2017 г.,9785170980215,320,Твердый,240 мм x 170 мм,510 г.,http://www.bookcity.kz/content/images/thumbs/5129792_1462224.jpeg
One direction. Какими мы были,Стайлс Г.,"One Direction - самая популярная в мире поп-группа, рекордсмен по количеству проданных пластинок, а также обладатель множества музыкальных премий и самых преданных в мире поклонников - ""дирекшионеров"". Эта книга - автобиография музыкантов, которая приоткрывает завесу над их жизнью за кулисами и содержит в себе множество фотографий из личных архивов.",2 400 тг,5,АСТ,2017 г.,9785170968541,288,Твердый,215 мм x 170 мм,770 г.,http://www.bookcity.kz/content/images/thumbs/5101743_1438291.jpeg
One direction. Кто мы такие,Стайлс Г.,"С нашей группой столько всего происходит, что мы едва успеваем перевести дух. Надеемся, что эта книга прольет свет на то, о чем мы думаем и мечтаем, и расскажет о вашей роли в нашей истории. Вы так хорошо нас знаете и остаетесь с нами на каждом шаге этого пути. Вот что значит оказаться в мире One Direction. Вот кто мы такие... One Direction - самая популярная в мире поп-рок-группа, рекордсмен по количеству проданных пластинок, а также обладатель множества музыкальных премий и самых преданных в мире поклонников - ""дирекшионеров"". Эта книга - автобиография музыкантов, которая приоткрывает завесу над их жизнью за кулисами... One Direction - англо-ирландский бойз-бэнд, основанный в Лондоне в 2010 году, в состав которого входят: Гарри Стайлс, Луи Томлинсон, Найл Хоран и Лиам Пейн. One Direction стали всемирно известными после релиза дебютного альбома ""Up All Night"" в начале 2012 года. Сингл ""What Makes You Beautiful"" возглавил мировые чарты, а альбом занял...",10 200 тг,4,АСТ,2015 г.,9785170929924,352,Твердый,215 мм x 170 мм,450 г.,http://www.bookcity.kz/content/images/thumbs/5086488_1425227.jpeg
Queen. Все тайны Фредди Меркьюри и легендарной группы,Сурков П.В.,"В этой книге не говорится о заговорах и не раздуваются мифы до невероятных масштабов, но есть опровержения многих историй, которые отдельные биографы Фредди выдают за истинные. В ней нет домыслов - каждый факт перепроверялся не по одному разу. Автор встречался со всеми героями этой истории: с музыкантами и менеджерами Queen, с друзьями и родственниками Фредди - десятки часов интервью, дни и часы, проведенные в архивах и библиотеках, поиск новых источников и новых свидетелей. Прочитав эту книгу, вы узнаете, почему личная жизнь и смерть Фредди Меркьюри продолжают оставаться тайной и по сей день.",3 900 тг,5,АСТ,2016 г.,9785170897254,256,Твердый,240 мм x 170 мм,390 г.,http://www.bookcity.kz/content/images/thumbs/5096503_1434501.jpeg
Rolling Stones 50 X 20,Murray Charles,"Rolling Stones 50 x 20 celebrates the remarkable fifty-year career of ?The World?s Greatest Rock ?n? Roll Band? with images captured by twenty of the world?s greatest music photographers. Featured are more than eighty exceptional photographs that document the longevity of one of the most influential, enduring, and controversial bands in rock history. Photographers include Fernando Aceves, Bob Bonis, Gus Coral, Michael Cooper, William Coupon, Barry Feinstein, David Fenton, Claude Gassian, Bob Gruen, Ross Halfin, Michael Joseph, Eddie Kramer, Chris Makos, Gered Mankowitz, Jan Olofsson, Michael Putland, Mark Seliger, Eric Swayne, Mark Weiss, and Baron Wolman.",21 000 тг,5,2012 г.,978160887132253499,Твердый,20 мм,Неизвестно,Неизвестно,Неизвестно,http://www.bookcity.kz/content/images/thumbs/5096900_1434913.jpeg
Savatage. Поэты и сумасшедшие/ Poets&Madmen,"Щербинин Д., Сидоров А.",Неизвестно,1 000 тг,0,Не указано,2004 г.,2200001319295,Мягкий,8 мм,Неизвестно,Неизвестно,http://www.bookcity.kz/content/images/thumbs/5088608_1328497.jpeg
The Beatles. Единственная на свете авторизованная биография (Персона),Дэвис Х.,"На всем белом свете существует единственная авторизованная биография The Beatles, и вы держите ее в руках единственная успешная попытка понять и описать феномен The Beatles — изнутри. В 1967–1968 гг. писатель и журналист Хантер Дэвис провел 18 месяцев с группой, находившейся тогда на творческом пике. В качестве их официального биографа, он получил беспрецедентный доступ не только к Джону, Полу, Джорджу и Ринго, но также к их друзьям, родным и коллегам-музыкантам. И за прошедшие с выхода книги почти полвека эта связь не оборвалась: Дэвис продолжал общаться со своими героями, а книга наполнялась от издания к изданию новым материалом. Основой для данного издания послужил расширенный вариант биографии, выпущенный к ее 40-летнему юбилею.",5 400 тг,5,Азбука-Аттикус,2017 г.,9785389091979,576,Твердый,30 мм,Неизвестно,http://www.bookcity.kz/content/images/thumbs/5111253_1443164.jpeg
The Beatles. История за каждой песней,Тернер С.,"Кому было ""всего семнадцать"", и кто заставлял сердце Пола биться сильнее? Кем на самом деле была Элеанор Ригби? Что послужило вдохновением для песни Lucy In The Sky With Diamonds? Стив Тернер тщательно исследовал истории и события, которые нашли свое отражение в бессмертных и покоривших многие музыкальные чарты песнях, написанных четырьмя простыми парнями из Ливерпуля. Начиная с первого хита Love Me Do и первого альбома Please Please Me и заканчивая Live At The BBC в трех частях, книга подробно рассказывает истории всех песен самой известной и влиятельной музыкальной группы в мире. Начиная с первого хита Love Me Do и первого альбома Please Please Me и заканчивая Live At The BBC в трех частях, Стив Тернер подробно рассказывает истории всех песен самой известной и влиятельной музыкальной группы в мире. Теги: The Beatles, Истории за песнями, рок-музыка, Джон Леннон, Пол Маккартни, Ринго Старр, Джордж Харрисон, рок-н-ролл, рок, Lucy In...",5 900 тг,5,АСТ,2016 г.,9785170961351,384,Твердый,200 мм x 145 мм,700 г.,http://www.bookcity.kz/content/images/thumbs/5090269_1428309.jpeg
The Beatles: Photographs from the Set of Help!,Lari Emilio,"An extraordinary collection of mostly unseen photographs of the Beatles during the making of Help!, published to coincide with the fiftieth anniversary of the release of the Beatles’ second motion picture, Help!, this almost entirely unpublished collection of photographs marks a pivotal turning point in the band’s history, as they evolved from much - loved musicians into the most important group of all time. The Beatles’ first movie filmed in color, Help! is a madcap adventure featuring cinematography and film sequences widely considered to be hugely influential to the modern performance - style music videos of today. Specialist set photographer Emilio Lari was invited by director Richard Lester to shoot stills of the production at Twickenham Studios and document behind the scenes larking about as the band relaxed in their hotel between takes. With an introduction by Lester and intimate, never before seen images, The Beatles: Help! provides new and fascinating insights into the band that changed the history of music and the world.",19 200 тг,5,Rizzoli,2015 г.,9780789329462,Твердый,240 мм x 240 мм,20 мм,Неизвестно,http://www.bookcity.kz/content/images/thumbs/5096903_1434916.jpeg
The Rolling Stones: история за каждой песней,Неизвестно,"The Rolling Stones – единственные, кто может соперничать по популярности с The Beatles и одни из самых влиятельных и успешных музыкантов в истории рока. Первый альбом группы занимал первую позицию в UK Albums Chart целых три месяца, а к уже 1969 году более 8 синглов поднимались на вершину UK Single Chart. Главные дебоширы в истории рок-музыки, Мик Джаггер и Кид Ричардс, продолжают писать хиты в таком бешеном темпе, что большинство известных современных молодых групп далеко позади. - Одна из самых успешных групп в истории - общемировой тираж альбомов превысил 250 миллионов - В 1989 году The Rolling Stones были включены в Зал славы рок-н-ролла - The Rolling Stones занимали вершину хит-парадов более чем в 20-ти странах - Exile on Main St был признан одним из самых значимых альбомов в истории рок-музыки",5 000 тг,5,АСТ,2016 г.,9785170925476,192,Твердый,200 мм x 145 мм,445 г.,http://www.bookcity.kz/content/images/thumbs/5099895_1428658.jpeg
Автобиография рок-музыканта,Клэптон Э.,"Эрик Клэптон - нечто большее, чем просто ""рок-зввезда"". Он - икона, живая легенда. Он продал десятки миллионов альбомов, собирал аншлаговые концерты по всему миру, был ключевой фигурой в музыкальном мире своего времени. За мастерство игры на гитаре заслужил прозвище ""Бог"". В этой глубокой, остроумной и мучительно правдивой автобиографии Эрик впервые рассказывает про свой жизненный путь, профессиональный и личный.",9 500 тг,0,Русская филармония Лтд,2012 г.,9785990330313,404,Мягкий,17 мм,Неизвестно,http://www.bookcity.kz/content/images/thumbs/5017214_1340041.jpeg
Анархия в РФ. Первая полная история русского панка,Стогов И.,Неизвестно,2 000 тг,0,Амфора,2007 г.,9785367004953,Твердый,20 мм,Неизвестно,Неизвестно,http://www.bookcity.kz/content/images/thumbs/5009965_1330662.jpeg
Аполлон Григорьев,Егоров Б.Ф.,"В книге известного литературоведа и историка Б.Ф.Егорова впервые для широкого читателя подробно и популярно раскрывается жизненный путь одного из сложнейших деятелей русской культуры Аполлона Александровича Григорьева (1822-1864), замечательного поэта, прозаика, литературного и театрального критика, публициста. Широко известный лишь своими `цыганскими` песнями (`О, говори хоть ты со мной...` и `Две гитары, зазвенев...`), он был еще выдающимся критиком середины XIX века (Тургенев сравнивал его с Белинским), автором интереснейших воспоминаний, талантливым очеркистом. Человек неуемных страстей, он не знал меры в любви, в дружбе, в алкоголе, часто впадал в идеологические крайности (был масоном, революционером, консерватором, славянофилом, `почвенником`), честно потом отказывался от `экстремизма`. По противоречиям жизни и творчества Григорьев может сравниться с Н.С.Лесковым и В.В.Розановым.",600 тг,0,Молодая гвардия,2004 г.,9785235023239,224,Твердый,200 мм x 130 мм,333 г.,http://www.bookcity.kz/content/images/thumbs/5012700_1333895.jpeg
Бритни Спирс,Смит Ш.,"Бритни Спирс.  Недавно это имя ассоциировалось с успехом, в одночасье вознесшим провинциальную девчонку с глубокого Юга США на вершину Олимпа поп-музыки.  Теперь имя Бритни Спирс стало символом скандала...  Алкоголь. Наркотики. Фиаско на MTV.  Напряженные отношения с родными.  Приступы буйного помешательства и заточение в психиатрические клиники.  Печально знаменитый проигранный судебный процесс по опеке над детьми.  Непристойные видеоролики в Интернете.  И при этом - великолепно продающийся новый альбом, миллионы фанатов и неиссякающий интерес прессы! Кто такая Бритни Спирс? Каким был ее путь к славе? И чем ей пришлось заплатить за успех?",1 700 тг,0,АСТ,2009 г.,9785170528493,352,207 мм x 133 мм,22 мм,Неизвестно,http://www.bookcity.kz/content/images/thumbs/5038960_1360925.jpeg
Взятие Вудстока,Эллиот Т.,"Самый знаменитый рок-фестиваль всех времен и народов - Вудстокский - прошел 40 лет назад, в августе 1969 года. Площадкой для него послужили окрестности городка Бетел в штате Нью-Йорк. Эллиот Тайбер, ныне писатель, сценарист и комедиограф, а в те времена - хозяин небольшого убыточного мотеля в Бетеле и один из создателей фестиваля, рассказывает об этих трёх великих днях музыки и любви. Пользуясь словами самого автора, ""Взятие Вудстока"" - эта ""правдивая история восстания, концерта и жизни"". Тайбер с юмором вспоминает, сколько трудностей пришлось преодолеть организаторам фестиваля, а также излагает историю собственной жизни, радикально изменившейся летом 1969-го. Однако в первую очередь его книга - это биография всего поколения ""шестидесятников"", начертавшего на своих знаменах ""секс, наркотики, рок-н-ролл"" и ""занимайся любовью, а не воюй"". Поколения, начавшего борьбу за гражданские права и раз и навсегда изменившего мир.",2 200 тг,1,АСТ,2010 г.,9785271245466,320,Твердый,187 мм x 135 мм,293 г.,http://www.bookcity.kz/content/images/thumbs/5005277_1327336.jpeg
"Виктор Цой и группа ""Кино"". Памятный альбом",Калгин В.,"?Вместе с гибелью Виктора Цоя - лидера группы ""КИНО"" - закончилась эпоха великих героев русского рока, он был последним из таковых.  Герои, безусловно, остались, но степень ""величия"" – иная. Они не так отбрасывают тень...Эпоха закончилась, но притом началась другая жизнь Цоя, другая жизнь ""КИНО"": в обстоятельствах того, что группа не давала концертов, соответственно не было никаких информационных поводов к тому – армия КИНОМАНОВ только множилась. В ряды ее вливались новые поколения тех, кто уже не то чтобы не присутствовал на выступлениях легендарной группы, но и тех, кто родился после трагической гибели Виктора Цоя.Цой и ""КИНО"" стали подлинными народными легендами.""Памятный альбом"" вовсе не нарушает легендарного флёра, наоборот, привнося в легенду правду, он делает ее подлинно эпической.Многие фотографии и материалы, вошедшие в издание, публикуются впервые.",7 600 тг,5,АСТ,2017 г.,9785171042158,256,Твердый,30 мм,Неизвестно,http://www.bookcity.kz/content/images/thumbs/5115498_1448495.jpeg
"Всё не так, ребята…",Неизвестно,"Уникальный сборник воспоминаний о Владимире Высоцком: актере, поэте и кумире. Впервые под одной обложкой - сорок текстов-мемуаров тех, с кем дружил Высоцкий, кого любил, с кем работал вместе, с кем выходил на сцену. 

Владимир Высоцкий давно стал легендой. Актер, поэт, кумир… В этой книге впервые под одной обложкой собраны воспоминания тех, с кем он дружил, кого любил, с кем выходил на подмостки: Юрий Петрович Любимов и коллеги-актеры: Алла Демидова, Валерий Золотухин, Вениамин Смехов, одноклассник Игорь Кохановский и однокашники по Школе-студии МХАТ, кинорежиссеры Александр Митта, Геннадий Полока, Эльдар Рязанов, Станислав Говорухин, близкий друг Михаил Шемякин, сын Никита… Сорок человек вспоминают - каждый своего - Высоцкого, пытаются восстановить его образ и, наконец, понять, а может, всё было совсем не так?",6 000 тг,0,АСТ,2017 г.,9785170986927,512,Твердый,215 мм x 145 мм,580 г.,http://www.bookcity.kz/content/images/thumbs/5097692_1435663.jpeg
"Высоцкий — две или три вещи, которые я о нем знаю",Зимна М.,"Издание представляет собой первый перевод на русский язык выпущенной в 1998 году и сразу ставшей бестселлером в Польше книги Марлены Зимны «Высоцкий — две или три вещи, которые я о нем знаю». Повествование отличается искренностью, правдивостью и независимостью суждений в изложении многих еще неизвестных читателю фактов из жизни Высоцкого.",900 тг,0,Феникс,2007 г.,9785222106808,256,Твердый,200 мм x 130 мм,293 г.,http://www.bookcity.kz/content/images/thumbs/5031512_1351849.jpeg
Высоцкий. Больно мне за наш СССР. Том 4 + CD,Высоцкий В.С.,"В сборник включены сатирические и юмористические стихотворения В.Высоцкого, а также комментарии к ним автора и составителей книги. Песенка командировочного  2.Поездка в город  3.Песенка про йогов  4. Инструкция перед поездкой за рубеж  5. Утренняя гимнастика  6. Перед выездом в загранку  7. Письмо к другу или Зарисовка о Париже  8. Возле города Пекина  9. Я был слесарь шестого разряда  10. У домашних и хищных зверей  11. Потеряю истинную веру  12. Посещение Музы, или Песенка плагиатора  13. Не покупают никакой еды  14. Маски",2 100 тг,2,Амфора,2012 г.,9785367021110,128,Твердый,12 мм,"

                                                Том 1, Выйти живым из боя..., Том 2, Я был душой дурного общества..., Том 3, Летела жизнь в плохом автомобиле..., Том 4, Больно мне за наш СССР…, Том 5, Любой из нас - ну чем не чародей?!, Том 6, Лукоморья больше нет..., Том 7, Приготовьтесь - сейчас будет грустно…, Том 8, Ловите ветер всеми парусами!, Том 9, Не кричи нежных слов, не кричи..., Том 10, Каюсь! Каюсь! Каюсь!, Том 11, Вот и сбывается все, что пророчится...",http://www.bookcity.kz/content/images/thumbs/5045937_1367842.jpeg
Высоцкий. Ненаписанная книга,Крымова Н.,"""При жизни Владимира Высоцкого его любили, им восхищались. Не приходило в голову его изучать... Сегодня мы и смотрим и слушаем иначе. Смерть всегда делает оставшихся более внимательными - не только к тому, кто ушел, но и к самим себе, что-то потерявшим"". П.",4 400 тг,1,Не указано,2008 г.,9785901070116,352,Твердый,24 мм,Неизвестно,http://www.bookcity.kz/content/images/thumbs/5048159_1369990.jpeg
Георгий Свиридов в воспоминаниях современников,Вульфов А.Б.,"О великом композиторе Георгии Свиридове, мыслителе, мастере слова и прежде всего своеобычном человеке, рассказывают его однокашники, друзья, соратники, известные музыканты, писатели, ученые. Это первая немузыковедческая книга, рисующая его живой облик правдиво, без ретуши, но с пониманием, что перед читателями — человек, отмеченный божественным даром. Многие факты и события жизни композитора раскрываются впервые, например, родословие Свиридовых, детство Юры в Фатеже и Курске, военные дни в секретном училище связи. По существу, эти ""Воспоминания"" составили первую биографию Г.В.Свиридова. Ценность этих воспоминаний еще и в том, что авторы воспроизводят почти дословно интересные высказывания и суждения самого Г.В.Свиридова, которые они либо в свое время записали, либо достоверно воспроизводят по памяти. Впервые публикуются письма композитора к жене и сыну, предоставленные А.Л.Свиридовой. Издание иллюстрировано фотографиями из личных архивов родственников и...",2 800 тг,0,Молодая гвардия,2006 г.,9785235028111,768,Твердый,200 мм x 130 мм,720 г.,http://www.bookcity.kz/content/images/thumbs/5011989_1333848.jpeg
Группа крови,Цой В.,"Виктор Цой еще при жизни вошел в число так называемых малых богов русского национального пантеона наравне с Пушкиным, Цветаевой, Пастернаком, Высоцким. Он встал в ряд людей, создавших идеальную версию русской культуры. Это путь поэта, певца. Путь чести. Основной путь, который сегодня, увы, утерян. 
В книге собраны все основные тексты песен Виктора Цоя, а также его совершенно неизвестные произведения, включая черновики и наброски последних песен, написанных в Латвии в августе 1990 года.",5 700 тг,5,АСТ,2019 г.,9785171088064,Твердый,15 мм,Неизвестно,Неизвестно,http://www.bookcity.kz/content/images/thumbs/5130982_1463357.jpeg
Джимми Хендрикс/ Music Icons Jimi Hendrix,Неизвестно,"Raised on the blues, James Marshall Hendrix exploded onto the international stage in 1967 fronting his own Jimi Hendrix Experience trio. The world had seen nothing like him before: a wild-haired, blues-rocking, singer-songwriter whose southpaw guitar-playing talent and showmanship captivated audiences on both sides of the Atlantic. Wowing fans and critics alike, Hendrix took blues-rock to previously unheard heights creating a unique sound filled with amplified distortions, wild feedback and liquid solo riffs. His live performances became legendary, hallmarked with teeth-playing antics and guitar-burning rituals, while his personal life followed an equally fascinating and destructive path. Dead at just 27 Hendrix became the poster boy for the psychedelic era's sex, drugs and rock 'n' roll lifestyle. Transforming the landscape of rock music forever, the seminal recordings from his four studio albums broke bold new ground and his unrivaled fret-work has influenced successive generations...",6 200 тг,5,Арт-Родник,2009 г.,9783836517560,792,15 мм,Неизвестно,Неизвестно,http://www.bookcity.kz/content/images/thumbs/5071765_1369687.jpeg
Джон Леннон/ Music Icons - John Lennon,Неизвестно,"One quarter of the world's most famous group, one half of the most successful songwriting team of all time and one voice for world peace - all achieved in one tragically shortened career. John Lennon's remarkable talent and uncompromising character gave him a unique and extraordinary life, achieving a level of success and public adoration that few can imagine.",6 200 тг,5,Арт-Родник,2009 г.,9783836517584,192,13 мм,Неизвестно,Неизвестно,http://www.bookcity.kz/content/images/thumbs/5047620_1369644.jpeg
Дэйв Гаан  второе пришествие Depeche Mode,Бейкер Т.,"Книга английского журналиста Тревора Бейкера посвящена биографии Дэйва Гаана, фронтмена Depeche Mode - одной из самых популярных музыкальных групп в мире.",4 200 тг,0,Рипол Классик,2019 г.,9785386109998,256,Твердый,30 мм,Неизвестно,http://www.bookcity.kz/content/images/thumbs/5122966_1455691.jpeg
Евровидение: Официальная история конкурса песни,О'Коннор Д.,"Благодаря победе Димы Билана конкурс песни ""Евровидение"" в мае 2009-го впервые проходит в России. Издательство ""Амфора"" представляет уникальный справочник - здесь с исчерпывающей полнотой изложена вся более чем полувековая история этого песенного состязания: детальная информация о каждом годе: новаторы и эпигоны рекорды и антирекорды скандалы и слухи обложки победивших синглов и их позиции в чартах по всему континенту обильная статистика, охватывающая конкурсы всех лет редкие фотографии из европейских архивов.",3 200 тг,0,Амфора,2009 г.,9785367009712,208,Прочий,240 мм x 170 мм,495 г.,http://www.bookcity.kz/content/images/thumbs/5036556_1360992.jpeg
Европейский оперный дневник,Парин А.В.,"Книга представляет собой последнюю часть трилогии известного театроведа и музыкального критика Алексея Парина, в которую входят также ранее изданные книги - ""О пении, об опере, о славе"" (2003) и ""Фантом русской оперы"" (2006). Здесь собраны статьи, ранее публиковавшиеся в прессе в период с 80-х годов XX века по настоящее время. Отдельные разделы посвящены крупнейшим оперным фестивалям - Зальцбургскому и Брегенцскому большое место занимает оперная панорама Германии и Франции. Вообще география оперных путешествий Парина простирается от Италии до Финляндии. Книга написана ярким, образным языком и благодаря непрерывающейся авторской мысли читается как единое целое. Она предназначена всем, кто интересуется судьбами европейской культуры.",3 000 тг,0,Аграф,2007 г.,9785778403390,448,Твердый,200 мм x 130 мм,469 г.,http://www.bookcity.kz/content/images/thumbs/5011170_1332209.jpeg
Жанна,Шепелев Д.,"Светлую жизнь певицы Жанны Фриске, наполненную любовью и умиротворением, в одном мгновение перечеркнул диагноз - рак, превратив любимицу миллионов из символа красоты в пациента, за здоровьем которого следит весь мир. Болеть тяжело. Болеть под пристальным вниманием - невыносимо. Это книга о первом в России публичном, хоть и невольном, опыте противостояния болезни, о достоинстве и силе, с которой хрупкая Жанна приняла смертельный бой. Я очень надеюсь, что эта книга будет полезна тем, кто борется сам или помогает близкому. Сможет поддержать тех, кто отчаялся, и, быть может, вдохновит на веру в чудо спасения. Эта книга об испытании болезнью, о том, как она меняет радужный и привычный мир. О сопротивлении. И разумеется, еще это история любви, без которой любое сражение вряд ли имело бы смысл. Весной 2013 года певица Жанна Фриске и телеведущий Дмитрий Шепелев стали родителями. Через несколько месяцев светлую жизнь Жанны, наполненную любовью и умиротворением, в одно мгновение...",4 600 тг,0,Эксмо,2017 г.,9785699928828,256,Твердый,200 мм x 130 мм,400 г.,http://www.bookcity.kz/content/images/thumbs/5096827_1434844.jpeg
Жизнь с моей сестрой Мадонной,Чикконе К.,"Когда книга Кристофера Чикконе, родного брата самой знаменитой поп-дивы нашего времени, появилась на прилавках книжных магазинов Европы и Америки, этот факт вызвал противоречивое отношение читателей и прессы. Ходили слухи, что братец пытается подзаработать на биографии родной сестры, пытаясь продать подороже ее грязное белье.  Однако это не совсем так, в чем можно убедиться, дочитав книгу до конца.",2 100 тг,1,Эксмо,2009 г.,9785699329328,352,215 мм x 145 мм,18 мм,Неизвестно,http://www.bookcity.kz/content/images/thumbs/4955232_1324142.jpeg
Иоганн Себастьян Бах,Неизвестно,"О серии: Прекрасно иллюстрированные издания серии «Легенды музыки» погружают читателя в неповторимую атмосферу музыки, помогают проследить становление и развитие творческого пути великих маэстро. Читатели знакомятся с непростыми судьбами композиторов – ведь ныне признанные гении были, прежде всего, людьми со всеми присущими им страстями и терзаниями. О книге: Великому немецкому композитору Иоганну Себастьяну суждено было жить во времена смены эпох: барокко, переходящее в рококо и классицизм. Однако полноценно принадлежать какому-либо одному стилю ему не удалось, и это не было его целью. Не будучи признанным при жизни, Бах оказал на историю музыки огромное влияние. Человечество осознало, что есть великое искусство музыки с его многочисленными направлениями, а есть Бах – могучий необъятный ручей. Уникальная особенность книги – таблица QR-кодов со ссылками на произведения композитора. Благодаря ей читатель сможет...",3 600 тг,1,Эксмо,2016 г.,9785699782451,96,Твердый,10 мм,Неизвестно,http://www.bookcity.kz/content/images/thumbs/5087906_1426457.jpeg
История Аквариума. Книга Флейтиста,Романов Д.,"""История ""Аквариума"". Книга Флейтиста"" - первая книга, рассказывающая о легендарной группе ""Аквариум"" изнутри. Автор книги, Андрей ""Дюша"" Романов играл в группе в 70-80-е годы. В легкой увлекательной манере книга повествует о жизни ""Аквариума"" на сцене и вне ее. Дюша Романов скоропостижно скончался в Санкт-Петербурге 29 июня 2000 года во время сольного концерта в кинотеатре ""Спартак"". Вторая часть книги знакомит читателя с сольным творчеством Дюши Романова и воспоминаниями о нем друзей и коллег-музыкантов.",1 900 тг,4,Амфора,2007 г.,9785367003482,438,Твердый,200 мм x 130 мм,525 г.,http://www.bookcity.kz/content/images/thumbs/5010976_1332723.jpeg
Король и Шут. Старая книга,Князев А.С.,"Андрей Князев - один из лидеров легендарной питерской рок-группы ""Король и Шут,"" автор музыки и всех текстов, а так же, оформитель альбомов коллектива, ныне возглавляющий свою группу ""КняZz"", решил поделиться с поклонниками своими старыми черновиками. Магия личного пространства творца, первые версии любимых текстов, наброски - все это будет доступно в непосредственных копиях рукописных страниц, которые Андрей лично собрал в книгу.",6 500 тг,1,АСТ,2017 г.,9785171058142,280,Твердый,30 мм,Неизвестно,http://www.bookcity.kz/content/images/thumbs/5115797_1448778.jpeg
Крепкий Турок. Цена успеха Хора Турецкого,Марголис М.,"Эта книга - биография Михаила Турецкого, выдающегося артиста, музыканта, дирижера, продюсера, создателя знаменитых коллективов: ""Хор Турецкого"" и ""Сопрано 10"". Перед вами - откровенная повесть о ярком маэстро, его сенсационном, победном вторжении в российский шоу-бизнес, покорении лучших мировых сцен и специфических законах выживания на большой эстраде.",3 000 тг,0,АСТ,2012 г.,9785271432408,336,Твердый,200 мм x 130 мм,399 г.,http://www.bookcity.kz/content/images/thumbs/5016987_1337324.jpeg
Круговорот: жизнь и смерть Михаила Круга,Банников И.А.,"Михаил Круг - король русского шансона. Три его первые альбома были украдены и разошлись пиратским способом. Его запрещали, но его песни знали, о нем говорили. Любили и ненавидели. Премия ""Овация"" в номинации ""Русский шансон"" - всего лишь еще одно напоминание о его широком признании.  Несмотря на то, что артиста уже нет с нами, его песни живут в сердцах почитателей его таланта.",2 600 тг,0,АСТ,2009 г.,9785170584628,224,Твердый,207 мм x 134 мм,322 г.,http://www.bookcity.kz/content/images/thumbs/5037229_1359662.jpeg
Легенды и звезды шансона,Кравчинский М.,"Предлагаемый читателю сборник рассказывает о наиболее известных именах в таком поистине народном жанре, как русский шансон. В него вошли основные вехи биографий, интересные подробности жизни звезд, а также интервью со многими современными ""королевами"" и ""королями"" шансона.",2 500 тг,0,Амфора,2008 г.,9785367007589,413,Твердый,205 мм x 130 мм,480 г.,http://www.bookcity.kz/content/images/thumbs/5022911_1343501.jpeg
Леонард Коэн. Жизнь,Симмонс С.,"«Леонард Коэн: жизнь» – обстоятельный рассказ о необыкновенной жизни одного из самых значительных и влиятельных артистов нашей эпохи. Известная музыкальная журналистка Сильвия Симмонс прослеживает путь Коэна из Монреаля, где он родился, в Лондон, на греческий остров Гидру и далее – в Нью-Йорк шестидесятых, где он начал свою музыкальную карьеру. Она исследует траекторию блестящего творческого пути Коэна, включая его уход в монастырь в середине девяностых и триумфальное возвращение к концертной деятельности пятнадцать лет спустя. Куда бы ни заносила Коэна судьба – в переулки Мумбаи, в бесчисленные гостиничные номера, – Симмонс с неизменной тщательностью исследует все детали, все противоречия жизни Коэна и превосходно описывает творчество, душу, глубину и талант художника и человека, который и сегодня трогает людей, как никто другой.",7 900 тг,5,АСТ,2019 г.,9785171097264,Твердый,Неизвестно,Неизвестно,Неизвестно,http://www.bookcity.kz/content/images/thumbs/5133302_1465393.jpeg
Леонид Утесов,Гейзер М.М.,"Леонид Утесов - любимец нескольких поколений зрителей и слушателей, чье неповторимое искусство до сих пор не утратило своей притягательности. Певец с хриплым голосом, музыкант без музыкального образования, актер, на счету которого всего один удачный фильм, - все эти несовершенства он компенсировал талантом во всех проявлениях своей многогранной творческой натуры. Книга писателя Матвея Гейзера восстанавливает биографию Утесова, неотделимую от драматической истории XX века и от жизни его родной Одессы - города, где Леонид Осипович до сих пор остается любимейшим из земляков. Новое жизнеописание Утесова создано на основе документальных материалов, мемуаров самого артиста и воспоминаний множества знавших его людей, дополнено редкими фотографиями.",2 600 тг,3,Молодая гвардия,2008 г.,9785235030466,336,Твердый,207 мм x 135 мм,410 г.,http://www.bookcity.kz/content/images/thumbs/5028170_1349805.jpeg
Литературные воспоминания,Григорович Д.В.,"С момента первой публикации в 1892-1893 гг. и до сего дня ""Литературные воспоминания"" Д.В. Григоровича остаются в числе известнейших произведений мемуарной литературы, широко цитируются, и к ним обращаются во всех тех случаях, когда требуется восстановить живую и детальную картину прошлого... Пока говоришь о себе с полной откровенностью, все идет ладно: откровенность не задерживается мелочными соображениями другое дело, как с тою же откровенностью хочешь говорить о других. Надо быть трижды закаленным в бесстыдстве и грубости подобно г-же Головачевой [Панаевой], чтобы ломить с плеча все, что взбредет в голову, и не стесняться ложью и клеветой, когда память отказывается давать материал"".",2 000 тг,1,Захаров,2007 г.,9785815907188,560,Твердый,205 мм x 130 мм,567 г.,http://www.bookcity.kz/content/images/thumbs/5028000_1348488.jpeg
Мадонна говорит,Сент-Майкл М.,"Ее имя всем хорошо известно. Она самая скандальная, противоречивая и обсуждаемая звезда мировой поп-музыки.  Мадонна привлекает и еще будет привлекать к себе миллионы людей как вечный двигатель идей, стиля и моды. Она может заниматься чем угодно - музыкой, театром или кино, позволять себе любые, даже весьма сомнительные, эксперименты - и при этом оставаться собой.",2 800 тг,0,Амфора,2008 г.,9785367007909,128,Твердый,220 мм x 170 мм,372 г.,http://www.bookcity.kz/content/images/thumbs/5037558_1361660.jpeg
Мадонна. Никто не видит моих слез,Бенуа С.,"Девочка с ангельской внешностью, которая при рождении получила имя Мадонна, стала самой скандальной звездой шоу-бизнеса и одновременно - одной из самых востребованных и самых коммерчески успешных женщин нашего времени.  Королева поп-музыки делится с читателями секретами успеха, рассказывает о насилии и своих многочисленных любовных историях. Как вытерпеть все, и, скрыв слезы от недоброжелателей, сделаться мировой знаменитостью - об этом рассказывает проникновенная книга С. Бенуа.",4 700 тг,0,Алгоритм,2015 г.,9785443803739,272,Твердый,206 мм x 145 мм,380 г.,http://www.bookcity.kz/content/images/thumbs/5044060_1366131.jpeg
Мик Джаггер,Норман Ф.,"Мик Джаггер — живая легенда и многоликая икона современной культуры. 2013 год явился для него этапным во многих смыслах: вечному бунтарю исполнилось 70 лет, The Rolling Stones завершили самое громкое в своей истории мировое турне, призванное отметить полувековой юбилей группы, и вдобавок было объявлено, что скоро «сэр Мик» станет прадедушкой. Интерес к его личности огромен как никогда, однако писать историю своей жизни бывший дебошир, а ныне рыцарь Британской империи категорически отказывается. Что же, приходится за него это делать другим, и новейший труд Филипа Нормана, прославившегося биографиями The Beatles, The Rolling Stones и Джона Леннона, — наиболее исчерпывающий в своем роде. Итак, вы узнаете, как сын простого учителя физкультуры и тихий фанат черного блюза превратился в кумира всемирного масштаба и постоянного героя скандальной хроники, как перед ним падал на колени Стивен Спилберг, а его детей нянчил Энди Уорхол…",4 800 тг,0,Азбука-Аттикус,2014 г.,978538904417301,672,Твердый,215 мм x 145 мм,688 г.,http://www.bookcity.kz/content/images/thumbs/5043633_1369584.jpeg
Мой Rock-n-Roll. Трилогия. Том 2,Козырев М.,"Эта трилогия задает вопросы и не дает готовых ответов. Она предельно полемична: в ней представлен широчайший диапазон мнений о происходящем в российской музыке, шоу-бизнесе, радио, телевидении. ""Мой рок-н-ролл"" - это галерея потрясающего масштаба личностей: от Иосифа Бродского до Шнура, от Бориса Березовского до Дианы Арбениной. Каково бы ни было отношение к этим людям в социуме, все они - монументальные личности даже в масштабах страны.",3 300 тг,3,Гаятри,2007 г.,9785968900784,132,Твердый,240 мм x 220 мм,452 г.,http://www.bookcity.kz/content/images/thumbs/5011316_1332969.jpeg
Мой сын БГ,Гребенщикова Л.,"Книга Людмилы Харитоновны Гребенщиковой - это не только ""детство, отрочество, юность"" знаменитого сына в историях, фотографиях и документах семейного архива, публикуемого впервые. Лаконичные, эмоциональные зарисовки автора подобно неизвестным кадрам кинохроники дают интереснейший материал о жизни Ленинграда 30-х, блокадных и послевоенных лет, а также характерный срез культурной жизни 50-80-х годов.",3 000 тг,5,Амфора,2008 г.,9785367007503,234,Твердый,239 мм x 168 мм,546 г.,http://www.bookcity.kz/content/images/thumbs/5033227_1355514.jpeg
Моя судьба. История любви,Матье М.,"Звезда мировой величины Мирей Матье стала знаменитой в 19 лет. Ее парижский теледебют вызвал триумф. Вскоре ее уже знал весь мир, и она была признана наследницей Эдит Пиаф. Вот уже несколько десятилетий певица с неизменными аншлагами гастролирует по всей планете, сочиняет песни, выпускает альбом за альбомом – слава ее не меркнет. Дочь простого каменщика из Авиньона, она стала самой известной француженкой в мире, а у нас в России – символом Франции, кумиром миллионов. Мирей Матье никогда не была замужем, у нее нет детей. Ее судьба до сих пор загадка. Завесу над многими событиями своей жизни она приоткрывает в этой автобиографической книге.",5 600 тг,0,Алгоритм,2014 г.,9785443805221,352,Твердый,200 мм x 145 мм,530 г.,http://www.bookcity.kz/content/images/thumbs/5044257_1366173.jpeg
Музыка как судьба,Свиридов Г.,"Первое издание книги своеобразных литературных произведений великого русского композитора ХХ века Георгия Васильевича Свиридова вызвало огромный интерес не только у музыкальной общественности, но и у широкой читательской аудитории. Время показало, что книга ""Музыка как судьба"" по-прежнему волнует наших соотечественников. К тому же выросло новое поколение творческой молодежи, которые любят и исполняют разнообразные произведения Свиридова, но не знакомы с его ""летучими"" записями, открывающими тайны его души и ума, ибо книга сразу же по выходу стала библиографической редкостью. Второе издание дневников включает новые, до времени не публиковавшиеся тексты и предлагает глубокие и своевременные комментарии, которые подготовили музыковед, президент Национального Свиридовского фонда Александр Белоненко и ведущий научный сотрудник Института мировой литературы РАН Сергей Субботин.",9 800 тг,3,Молодая гвардия,2017 г.,9785235039353,800,Твердый,200 мм x 130 мм,805 г.,http://www.bookcity.kz/content/images/thumbs/5110706_1438355.jpeg
Музыка нас связала. Все тайны Миража,Разина С.,"История жизни и творчества одной из солисток мегапопулярной группы ""Мираж"". Практически правдивая, отчасти вымышленная. Это ""сочинение основано на воспоминаниях о реальных событиях, личных мнениях автора и ее друзей, а также, включает в себя известную долю художественного вымысла"". А еще ее стихи, из которых вы поймете, ""что такое романтизм, одиночество и отчаяние, изоляция, сочувствие и любовь, ломающий грани стеб, и ... неистребимое желание жить"". Адресована широкому кругу читателей.",2 300 тг,0,АСТ,2009 г.,9785170561087,288,Твердый,24 мм,Неизвестно,http://www.bookcity.kz/content/images/thumbs/5026260_1348390.jpeg
Мумий Тролль: Live Long. Die Rich,Стогов И.,"Книга рассказывает о творческой судьбе группы ""Мумий Тролль"" - первого рок-коллектива, попавшего в отечественные учебники истории. В основе сборника - интервью лидера группы разных лет.",1 600 тг,3,Амфора,2008 г.,9785367006568,209,Твердый,172 мм x 126 мм,238 г.,http://www.bookcity.kz/content/images/thumbs/5071736_1340377.jpeg
Наив. 30 песен,Неизвестно,Неизвестно,700 тг,0,Кибалин Ю.В. ИП,2200001403239,5 мм,Неизвестно,Неизвестно,Неизвестно,Неизвестно,http://www.bookcity.kz/content/images/thumbs/5037287_1359950.jpeg
"Наша Музыка. Полная история русского рока, рассказанная им самим",Чернин А.А.,"Впервые в истории герои русского рок-н-ролла сами рассказывают о том, как в наших условиях были созданы их песни и альбомы. В основу книги лег цикл передач радиостанции ""Наше Радио"".",4 900 тг,0,Рипол Классик,2019 г.,9785386123727,Твердый,25 мм,Неизвестно,Неизвестно,http://www.bookcity.kz/content/images/thumbs/5128072_1460559.jpeg
Никто из нас не выйдет отсюда живым. Культовая биография Джима Моррисона,Хопкинс Д.,"Наиболее полная и беспристрастная биография Джима Моррисона - лидера группы ""Doors"", идола 60-х, судьба и творчество которого до сих пор будоражат весь мир.Джим Моррисон - певец, философ, поэт, возмутитель спокойствия - в этой книге представлен во всей своей сложности, как одержимый приверженец тьмы, который отвергал авторитеты и испытывал ""границы реальности, чтобы посмотреть, что произойдет"". Джим Моррисон был солистом ""Doors"", одной из самых популярных и неоднозначных рок-групп конца шестидесятых. Его боготворили фанаты, ненавидели власти, преследовали журналисты. Моррисон олицетворял непредсказуемый и запретный образ жизни, о котором мечтала молодежь. Книга ""Никто из нас не выйдет отсюда живым"" отделяет факты от домыслов о жизни и загадочной смерти Джима в Париже в 1971 году, скрупулезно описывая легендарную личность, которую одновременно восхваляли как поэта контркультуры и поносили как развратителя молодежи.",4 800 тг,0,Рипол Классик,2018 г.,9785386107833,478,Твердый,215 мм x 145 мм,670 г.,http://www.bookcity.kz/content/images/thumbs/5128088_1460575.jpeg
Орф. Кармина бурана,Панова Ж.В.,"Серия ""История одного шедевра"" уникальна. Во-первых, своей простотой и жизненной необходимостью. А во-вторых - универсальностью: книги этой серии исправно выполнят функцию ""гида"" для всех, отправляющихся ""в концерт"" послужат методическим материалом для преподавателя при подготовке к уроку, а добросовестному - и не очень - ученику при случае заменят шпаргалку. Удобный ""карманный"" формат и небольшой объем позволит носить книгу с собой но и на книжной полке она будет смотреться превосходно.",700 тг,0,Классика-XXI,2008 г.,9785898172664,32,Мягкий,165 мм x 130 мм,40 г.,http://www.bookcity.kz/content/images/thumbs/5025392_1347422.jpeg
Павел Кашин. По волшебной реке,Кашин П.П.,"""Павел Кашин. По волшебной реке"" - уникальное издание, которое непременно придется по вкусу всем почитателям творчества этого артиста. Со своими читателями Павел делится воспоминаниями из детства, армии, Питера и Америки. Делится сокровенным и дорогим сердцу. Рассуждает о жизни и смерти, о творчестве и поэзии, о любви и дружбе, о мужчинах и женщинах и многом другом. Артист рассказывает, какие жизненные события и какие мысли навели его на создания каждой песни каждого из альбомов и представляют вниманию читателей уникальные кадры из семейного архива.",4 600 тг,3,АСТ,2018 г.,9785179825098,320,Твердый,240 мм x 170 мм,490 г.,http://www.bookcity.kz/content/images/thumbs/5119619_1452434.jpeg
Пётр Ильич Чайковский,Неизвестно,"Среди всемирно известных русских композиторов личность Петра Ильича Чайковского стоит особняком. Он не только символ своей родины, но и определенного рода просветитель: благодаря ему вся Европа прониклась сюжетами русских сказок, песен, стихов и танцев. Издание познакомит читателя с удивительной судьбой композитора, историей создания известных во всем мире произведений. Прекрасные иллюстрации альбома позволят проникнуться атмосферой времени Чайковского. Уникальная особенность книги - таблица QR-кодов, которую вы найдете на последних страницах. Благодаря ей вы сможете насладиться творчеством музыканта уже во время чтения.",3 600 тг,1,Эксмо,2016 г.,9785699782437,96,Твердый,15 мм,Неизвестно,http://www.bookcity.kz/content/images/thumbs/5087907_1426458.jpeg
Пилот штурмующий небеса,Неизвестно,"Книга подробно освещает десятилетний творческий путь культовой группы ""Пилот"". Начав с выступлений в подвальных клубах, сегодня лидер группы Илья Черт - главная надежда петербургской рок-н-ролльной сцены.",1 300 тг,0,Амфора,2007 г.,9785367004618,216,Твердый,165 мм x 120 мм,243 г.,http://www.bookcity.kz/content/images/thumbs/5010977_1332615.jpeg
"Планета Билан. Исповедь о том, как найти свое предназначение",Билан Д.,"Шоу ""Планета Билан"" — это пять шагов, чтобы найти себя. Чтобы услышать собственный голос в шуме чужих мнений. Чтобы выйти из футляра, перестать жить по шаблонам, не оглядываться на чужие истории успеха, а писать свою. Как? В книге Дима Билан проведет тебя по своему пути, начиная с самого рождения. Задаст 5 вопросов и найдет на них ответы в собственных эмоциях, не только познакомит с собой читателей, но и познакомиться сам. Здесь Дима Билан заговорит с тобой внутренним голосом, обучит языку своей Планеты и поможет тебе самому определить орбиту дальнейшего пути. Как за музыкой и творчеством одного человека стали следовать тысячи других? Евгений Финкельштейн, вдохновитель шоу и президент промоутерской корпорации PMI, и Яна Рудковская, друг и компаньон, расскажут, как осознание себя трансформировалось в тур на 22 города. Что на сцене Планеты Билан? Что на душе Димы Билана? Все ответы внутри!",4 400 тг,5,Эксмо,2019 г.,9785041000899,Твердый,15 мм,Неизвестно,Неизвестно,http://www.bookcity.kz/content/images/thumbs/5130022_1462421.jpeg
Неизвестно,Неизвестно,Неизвестно,Неизвестно,Неизвестно,Неизвестно,Неизвестно,Неизвестно,Неизвестно,Неизвестно,Неизвестно,Неизвестно,Неизвестно
Популярная музыка ХХ века,Цалер И.В.,"Век звукозаписи - в одном томе! Это история джаза и блюза, поп-музыки и рока, соула и кантри, электроники и фолка в их характерных образцах. 777 известных и редких, любимых и забытых жемчужин звукозаписи от первой джазовой пластинки до первой песни, переведенной в формат mpЗ. Путешествие по музыкальному миру от Нью-Йорка до Токио и от Лондона до Сиднея с остановками в студии, где родился рок-н-ролл, на ямайской уличной вечеринке и в сердце техногенного мегаполиса. 777 композиций - острова в виниловых морях, точки отсчета для звуковых вселенных, изменившие представление о том, как нужно играть и слушать музыку.",4 100 тг,4,АСТ,2010 г.,9785989863280,512,240 мм x 170 мм,35 мм,Неизвестно,http://www.bookcity.kz/content/images/thumbs/5048075_1367707.jpeg
Последний роман Владимира Высоцкого,Сушко Ю.М.,"Отношения Владимира Высоцкого с Изой Мешковой, Люсей Абрамовой, Татьяной Иваненко, Мариной Влади, Оксаной Афанасьевой многое объясняют. Его голос. Его печальный взгляд. Строки его песен... ""Я люблю - и значит, я живу..."" Его душа была хрупкой и трепетной, а сердце его всегда было готово к самопожертвованию. Любовь заполняла мысли и чувства великого барда, она его рукой складывала ноты для новых песен. Даже если она иной раз возвращалась к нему стылым холодом. Даже если друзья Высоцкого считали, что именно женщины были виновны в преждевременной кончине поэта. Непостижимо... Наверное, они были не правы...",2 400 тг,4,Эксмо,2016 г.,9785699880157,384,Твердый,200 мм x 130 мм,300 г.,http://www.bookcity.kz/content/images/thumbs/5088935_1427487.jpeg
Прелюдия и фуга (Токката) E-dur (C-dur) для органа. Бах.И.С. Исследование,Продьма Т.Ф.,"Исследованием Прелюдии и фуги (Токкаты) E-dur (C-dur) для органа BWV 566 от-крывается серия публикаций, посвящённых пяти органным токкатным циклам И.С. Баха.
В данном исследовании предпринимается попытка раскрыть художественную связь Прелюдии и фуги (Токкаты) E-dur (C-dur) с конкретными евангельскими сюжетами. 
Впервые в музыкознании выдвигается версия о том, что данная Прелюдия и фуга (Токката) мелодикой связана с лютеранским гимном «Wie schön leuchtet der Morgenstern» («Как ярко сияет эта звезда!») и трактована Бахом в традициях жанра «Missa brevis» («ко-роткой мессы»). Посредством обращения к музыкальной риторике, предпринимается по-пытка раскрыть в этом произведении сюжеты из Новозаветной истории.
Текст книги изложен доступным литературным языком. Она адресована как музы-кантам-профессионалам, так и любителям органной музыки.",2 000 тг,0,2012 г.,9786017232481,5 мм,Неизвестно,Неизвестно,Неизвестно,Неизвестно,http://www.bookcity.kz/content/images/thumbs/5034367_1356258.jpeg
Рахманинов. Колокола,Панова Ж.В.,"Серия ""История одного шедевра"" уникальна. Во-первых, своей простотой и жизненной необходимостью. А во-вторых - универсальностью: книги этой серии исправно выполнят функцию ""гида"" для всех, отправляющихся ""в концерт"" послужат методическим материалом для преподавателя при подготовке к уроку, а добросовестному - и не очень - ученику при случае заменят шпаргалку. Удобный ""карманный"" формат и небольшой объем позволит носить книгу с собой но и на книжной полке она будет смотреться превосходно.",700 тг,0,Классика-XXI,2008 г.,9785898172657,28,Мягкий,165 мм x 130 мм,35 г.,http://www.bookcity.kz/content/images/thumbs/5025803_1347247.jpeg
Рейволюция. Как это было на самом деле,"Азелицкий О., Иванов К.",Книга рассказываете рождении и развитии русского рейва - одного из главных достижений русской культуры XX века. В основу книги легли интервью участников техно-движения 1990-х годов.,1 800 тг,0,Амфора,2007 г.,9785367004472,344,Твердый,200 мм x 130 мм,440 г.,http://www.bookcity.kz/content/images/thumbs/5010867_1332857.jpeg
Русская психатака,Ермичев К.,"Эта книга о независимой музыке девяностых, когда Петербург был столицей русского сайкобилли. ""Моя книга о сайкобилли не исследовательский труд с точной хронологией. Это рассказ о том, что я видел и слышал, пока эта музыка звучала вокруг и внутри меня. Но нельзя сказать, что сейчас ее голос замолчал. Я прекрасно слышу приближающийся гитарный рифф, сыгранный на чистом упругом звуке. На пике громкости его подхватывают барабаны и бас…"" Кирилл Ермичев",1 700 тг,4,Амфора,2007 г.,9785367005387,464,Твердый,200 мм x 130 мм,552 г.,http://www.bookcity.kz/content/images/thumbs/5009629_1330620.jpeg
Свободные формы эпохи Барокко. Исследование посвящено истории и теории жанра старинной токкаты,Продьма Т.Ф.,"В данном кратком исследовании выдвигается новая, оригинальная мысль о том, что «свободные формы» романтиков не являлись исторически обособленным явлением. Линия преемственности от них ретроспективно ведёт к ранней инструментальной профессиональной европейской музыке XVI–XVII веков к таким импровизационным, по сути, жанрам, как токкаты, фантазии, неполифонические ричеркары. Книжка является кратким исследованием и методическим пособием для учебного курса истории музыки и анализа музыкальных произведений на композиторском, музыковедческом и исполнительском факультете различных специальностей музыкальных колледжей, институтов и консерваторий. Определённый интерес она может вызвать и у любителей высокой классической музыки.",900 тг,0,Дайк - Пресс,2007 г.,9789965939280,5 мм,Неизвестно,Неизвестно,Неизвестно,http://www.bookcity.kz/content/images/thumbs/5046369_1368345.jpeg
Сергей Курехин. Безумная механика русского рока,Кушнир А.,"В 2014 году Сергею Курёхину исполнилось бы 60 лет. К юбилею Маэстро авангардной музыки! «Безумная механика русского рока» писалась около пяти лет и стала седьмой крупный литературной работой Кушнира. По словам автора, главная декларируемая цель этого фолианта - напомнить о Капитане-Курёхине тем, кто забыл о нем, и познакомить тех, кто никогда ничего не слышал про этого феерического музыканта.",12 800 тг,0,БММ,2015 г.,9785883535672,224,Твердый,290 мм x 205 мм,980 г.,http://www.bookcity.kz/content/images/thumbs/5043604_1367843.jpeg
Сергей Николаевич Глинка. Записки,Глинка С.,"Автор ""Записок"" Сергей Николаевич Глинка (1776-1847) известен как писатель и один из выдающихся общественных деятелей начала XVIII века. Глинка был патриот в лучшем, благороднейшем смысле слова. 1812 год явился эпохою наибольшего развития деятельности Глинки, лучшим временем его жизни: всего себя он отдал служению родине. С 1808 года он издает ""Русский Вестник"", журнал, сделавшийся в его руках могущественным орудием для пробуждения народного духа в русском обществе, а когда началась Отечественная война, он первый записывается в ополчение, руководит народом в Москве, отдает все свое имущество на общее дело. Из всего написанного Сергеем Глинкою (а писал он очень много) самое интересное - его ""Записки"". Несмотря на крайнюю субъективность, восторженный тон, частые отступления и склонность автора к резонерству, ""Записки"" яркими красками рисуют эпоху и не утратили своего интереса для современного читателя. Иногда в рассказе Глинки встречаются противоречия, что объясняется...",1 500 тг,0,Захаров,2004 г.,9785815903975,464,Твердый,200 мм x 130 мм,460 г.,http://www.bookcity.kz/content/images/thumbs/5026893_1349930.jpeg
"Спасибо, что живой","Высоцкий Н., Тугушев Р.","Книга написана по сценарию одноименного фильма. Действие относится к 1979 году и охватывает несколько дней из жизни Владимира Высоцкого, когда на гастролях в Узбекистане он перенес клиническую смерть. Обреченный, страдающий поэт отчаянно борется за право жить полной жизнью, в то время как КГБ пытается сомкнуть кольцо вокруг него и близких ему людей...",1 400 тг,0,Амфора,2012 г.,9785367021653,272,Твердый,200 мм x 130 мм,325 г.,http://www.bookcity.kz/content/images/thumbs/5015731_1337925.jpeg
Сплин. Биография в стиле барокко,Стогов И.,"""На барабанах играет Сергей Наветный. На бас-гитаре - Саша Морозов. На гитаре - человек по фамилии Березовский. На флейте - Яник Николенко. Моя фамилия Васильев"". Именно так фронтмен культовой петербургской группы ""Сплин"" Александр Васильев представляет свой коллектив во время концертов. Биография одной из наиболее популярных отечественных рок-групп - в новой книге серии ""Все это рок-н-ролл"".",1 500 тг,1,Амфора,2007 г.,9785367006087,232,Твердый,165 мм x 120 мм,252 г.,http://www.bookcity.kz/content/images/thumbs/5052993_1361591.jpeg
Сплин. Весь этот бред. Сборник стихов А. Васильева,Васильев А.Г.,"Сплин сегодня самая популярная рок -группа России. Легендарный коллектив отметит 25-тилетие в 2019 году. За эти годы было выпущено 15 альбомов, отыграны сотни концертов и завоёваны сердца тысячи фанатов, для которых лирика Сплина давно стала лекарством от всех болезней. Тексты Сплина проникают настолько глубоко, что нет, пожалуй, того человека, кого бы они оставили равнодушными. Бессменный лидер Сплина - Александр Васильев отметит 50-тилетие в 2019. Автор всех песен Сплина, обладатель премии «поэт года» собрал для вас все свои тексты в одном издании. «Весь этот бред» станет украшением коллекции фанатов Сплина, а также каждого любителя настоящей лирики.",5 600 тг,0,Эксмо,2018 г.,9785040964444,Твердый,15 мм,Неизвестно,Неизвестно,http://www.bookcity.kz/content/images/thumbs/5130790_1463166.jpeg
Старинная токката: история и теория жанра. Исследование,Продьма Т.Ф.,"Работа над книгой «Старинная токката: история и теория жанра» началась в 1980 году в стенах московской консерватории им. П.И. Чайковского. В основу книги была по-ложена кандидатская диссертация по одноименной теме. Долгие годы книга сохранялась в рукописи и с годами существенно дорабатывалась. Интерес к данной теме в качестве научного исследования был вызван большой распространённость жанра токкаты в компо-зиторской, церковной (обиходной) и светской (концертной) практике, как в прошлые сто-летия, так и в настоящие дни.
Токката как жанр прочно вошла в исполнительский и учебно-педагогический ре-пертуар инструменталистов различных специальностей. В связи с этим давно назрела необходимость теоретического осмысления этого значительного явления, ибо размытые представления о нём оставляют неосвещённым не только один из очень распространён-ных инструментальных жанров европейской инструментальной профессиональной музы-ки, неполной и незавершённой остаётся общая панорама профессиональной инструмен-тальной европейской культуры.
Текст книги изложен доступным литературным языком. Она адресована как музы-кантам–профессионалам, так и любителям профессиональной музыки.",3 800 тг,0,Алматы,2009 г.,9789965946493,Твердый,17 мм,Неизвестно,Неизвестно,http://www.bookcity.kz/content/images/thumbs/5034244_1356279.jpeg
Стингрей в Стране Чудес,Стингрей Д.,"Американская певица и музыкант, роковая леди Джоанна Стингрей приехала в Ленинград в начале 80-х годов XX века, десять с лишним лет ее жизнь неразрывно была связана с СССР, с миром советского андеграунда. Она открыла западу мир русского рока. Как живые встают со страниц книги Борис Гребенщиков и Виктор Цой, Юрий Каспарян и Сергей Курёхин, Костя Кинчев и Тимур Новиков, Африка и Коля Васин, Дэвид Боуи и Энди Уорхол и многие-многие другие герои сказочной Страны Чудес. Спустя тридцать лет Джоанна решила вернуться к этому периоду своей биографии и рассказать обо всех перипетиях своих приключений, взгляд ее — взгляд изнутри, взгляд не только свидетеля, но и непосредственного участника многих событий, которым было суждено стать историей.",6 400 тг,5,АСТ,2019 г.,9785171133566,Твердый,30 мм,Неизвестно,Неизвестно,http://www.bookcity.kz/content/images/thumbs/5131961_1464320.jpeg
Тайная семья Высоцкого,Кудрявов Б.П.,"Аннотация к книге ""Тайная семья Высоцкого""Актриса Татьяна Иваненко занимает в жизни Владимира Высоцкого особое место. Тайна их любви до сих пор будоражит умы современников. Известно, что Иваненко родила от Высоцкого дочь Настю. Ей сейчас уже 34 года. Мало кто из ближайшего окружения Владимира Семеновича ""проговаривался"" на столь деликатную тему. Сама Татьяна Васильевна хранит на эту тему молчание. Интимные тайны жизни поэта попытался раскрыть журналист Борис Кудрявов.",1 700 тг,0,Алгоритм,2011 г.,9785432000194,256,Твердый,205 мм x 133 мм,Неизвестно,http://www.bookcity.kz/content/images/thumbs/5023548_1344989.jpeg
Танцы со звездами,Бухарин А.,"В книге известного музыкального журналиста и радиоведущего Андрея Бухарина (""RollingStone"", ""Радио Максимум"") собраны вместе более 30 интервью, взятых за последние десять лет у знаменитых музыкантов, продюсеров, писателей и сопровожденных, уже с позиции сегодняшнего дня, авторскими комментариями. В сборник вошли самые первые интервью Ильи Лагутенко и Земфиры, эксклюзивные интервью с Малколмом Маклареном и Марком Алмондом, беседы с Ильей Кормильцевым и Владимиром Сорокиным.",2 300 тг,0,Амфора,2008 г.,9785367008005,480,Твердый,200 мм x 130 мм,438 г.,http://www.bookcity.kz/content/images/thumbs/5002354_1323859.jpeg
Тильда,Арбенина Д.,"Мы знаем Диану Арбенину — поэта. Знаем Арбенину — музыканта.За драйвом мы бежим на электрические концерты ""Ночных Снайперов""заполняем залы, где на сцене только она, гитара и микрофон. Настоящее соло. Пронзительное и по-снайперски бескомпромиссное.Настало время узнать Арбенину — прозаика. Это новый, и тоже сольный проект. Пора остаться наедине с артистом,не скованным ни рифмой, ни нотами.Диана Арбенина остается ""снайпером"" и здесь — ни одного выстрела в молоко.Ее проза хлесткая, жесткая, без экивоков и ханжеских синонимов. Это альтер эго стихов и песен, их другая сторона.Полотно разных жанров и даже литературных стилей: увенчанные заглавной ""Тильдой"" рассказы разных лет,обнаженные сверх (ли?) меры ""пионерские"" колонки, публицистические и радийные опыты.""Тильда"" — это фрагменты прошлого, отражающие высшую степень владения и жонглирования словом.Но ""Тильда"" — это еще и предвкушение будущего, которое, как и автор, неудержимо движется вперед.",4 100 тг,1,АСТ,2017 г.,9785171054328,320,Твердый,25 мм,Неизвестно,http://www.bookcity.kz/content/images/thumbs/5119557_1452373.jpeg
Токката (с фугой) d-moll для органа BWV 565,Продьма Т.Ф.,"Исследованием Токкаты (с фугой) d-moll для органа BWV 565 завершатся серия публикаций, посвящённых пяти органным токкатным циклам И.С. Баха.
Токката (с фугой) d-moll – юношеский шедевр Баха, отмеченный печатью творче-ской зрелости мастера. Её создание относится к 1703–1707 годам жизни Баха в Арнштад-те.
В книге выдвигается и доказывается оригинальная  версия: Токката (с фугой) d-moll рассматривается как программное сочинение, в котором определённо заявляют о себе два популярных лютеранских гимна – гимн «Vater unser im Himmelreich» («Отче наш») и средневековая пасхальная песня «Christ lag in Todesbanden» («Христос лежит в оковах смерти»). Как и другие органные токкатные циклы Баха, эта Токката (с фугой) по содер-жанию связана со старинным жанром пассиона, а по музыке и художественному содержа-нию – со «Страстями по Иоанну» («BWV 245»), созданными самим же И.С. Бахом.
Текст книги изложен доступным литературным языком. Она адресована как музы-кантам–профессионалам, так и любителям органной музыки.",4 700 тг,0,Композитор,2018 г.,9785950049088,Мягкий,7 мм,Неизвестно,Неизвестно,http://www.bookcity.kz/content/images/thumbs/5124834_1457385.jpeg
"Токката и фуга d-moll ""дорийская"" для органа BVW 538. Страсти по Матфею. Бах И.С. Исследование",Продьма Т.Ф.,"Создание Токкаты и фуги d-moll «дорийской» BWV 538 относится к 1717 году. Это – монументальное органное произведение И.С. Баха, по масштабу формы и глубине содержания соотносимое с его вокально-инструментальными пассионами и ораториями. 
Новая в музыковедении версия, которая развивается в этом исследовании, заклю-чается в том, что Токката и фуга d-moll «дорийская» не относится к области «чистой» ин-струментальной музыки. Она обеими частями цикла базируется на лютеранском хорале (гимне) «Christ, unser Herr, zum Jordan kam» («Христос, наш Господь, пришёл на Иордан») и имеет скрытый развитый сюжет, корреспондирующий к жанру пассиона. Художествен-ный замысел, заложенный в Токкате и фуге «дорийской» Бах развил и реализовал позже в своих «Страстях по Матфею» («BWV 244»). В них он использовал фрагментами и музыку из Токкаты и фуги «дорийской». Это явилось веским основанием рассмотреть данный органный токкатный цикл как пассион в органной версии, – «Страсти по Матфею». 
Текст книги изложен доступным литературным языком. Она адресована как музы-кантам–профессионалам, так и любителям органной музыки.",2 800 тг,0,Композитор,2013 г.,9785425400598,Мягкий,10 мм,Неизвестно,Неизвестно,http://www.bookcity.kz/content/images/thumbs/5095400_1432978.jpeg
Токката и фуга F-dur для органа BVW 540. Страсти по Марку. Бах И.С.Исследование,Продьма Т.Ф.,"Токката F-dur и фуга F-dur были сочинены Бахом в разное время, но позже объеди-нены в единый цикл. 
Новой в данном исследовании является мысль, что эти два самостоятельных произ-ведения – токката и фуга – роднятся общностью художественного замысла, что именно это и позволил Баху объединить их в цикл. Доказывается, что и Токката F-dur и фуга F-dur имеют хоральную основу: токката написана на хорал «Allein Gott in der Höh` sei Ehr`», а фуга – на хорал «Sei Lob und Ehr dem höchsten Gut». 
Научным открытием данного исследования являться обнаружение производности музыки «Рождественской оратории» BWV 248 и Кантаты BWV 198 («Траурной оды»), которая Бахом была использована в «Страстях по Марку» (BWV 247), от Токкаты и фуги F-dur. Высказывается, в связи с этим, новая версия, что Токкату и фугу F-dur по сюжету Бах вполне мог задумать как пассион («Страсти»), создавая новый исторический вид – пассион в органной версии. В данном исследовании полифонический цикл Токката и фуга F-dur BWV 540 рассматривается как «Страсти по Марку» в органной версии. 
Текст книги изложен доступным литературным языком. Эта книга адресована как музыкантам-профессионалам, так и любителям органной музыки.",2 800 тг,0,Композитор,2013 г.,9785425400604,Мягкий,10 мм,Неизвестно,Неизвестно,http://www.bookcity.kz/content/images/thumbs/5095398_1432977.jpeg
"Токката, адажио и фуга C-dur органа BWV 564. По Евангелию от Луки. Бах И.С. Исследование",Продьма Т.Ф.,"Токката, адажио и фуга C-dur для органа BWV 564 по времени создания относится ко второму Веймарскому периоду в жизни И.С. Баха и традиционно причисляется к так называемым свободным инструментальным формам барокко. 
Новая версия исследования заключается в том, что Токката, адажио и фуга C-dur не относится к области «чистой» инструментальной музыки. В этом монументальном орган-ном цикле Бах использовал многие лютеранские хоралы (гимны) – в каждой части разные. В первом разделе первой части Токкаты доминируют мотивы из хорала «Allein Gott in der Höh` sei Ehr`» и гимнов Магнификат. во втором разделе ведущим является хорал «Alle Menschen müssen sterben». Адажио (вторая часть цикла) пронизана интонациями средневековой духовной песни (хорала) «Christ lag in Todesbanden».  Фуга (третья часть цикла) написана на хорал «Wachet auf, ruft uns die Stimme». 
В исследовании также показывается, что этот токкатный цикл буквально пронизан сюжетами из христианской мифологии. Раскрывающиеся ассоциативные образы позво-ляют сделать вывод, что Бах обратился при его создании к св. Евангелию от Луки как ли-тературному источнику, а акценты сместил на эпизоды, традиционно составлявшие сю-жетную основу жанра немецких пассионов («Страстей»).
Текст книги изложен доступным литературным языком. Она адресована как музы-кантам–профессионалам, так и любителям органной музыки.",3 400 тг,0,Композитор,2015 г.,9785425400963,Мягкий,10 мм,Неизвестно,Неизвестно,http://www.bookcity.kz/content/images/thumbs/5095399_1432976.jpeg
"Три кита. БГ, Майк, Цой",Рыбин А.,"Думаю, вполне логично объединить в одну книжку размышления о трех ленинградских музыкантах - Борисе Гребенщикове, Майке Науменко и Викторе Цое. Просто по той причине, что они кажутся мне лучшими из всех, кто играл и играет в нашей стране музыку под условным называнием ""рок"".  Эта книжка о музыкантах - БГ, Майк и Цой так глубоко влезли в то, что называется ""рок"", в современную музыку вообще, как никто, пожалуй, кроме них в это дело не влезал.  Эта книжка о трех уникальных артистах, художниках, игравших (и играющих) совершенно разную музыку. Эти трое создали огромное количество совершенно классических и невероятно прекрасных песен. Они уловили, почувствовали суть, дух этой штуки - и что это такое, можно понять, только слушая их песни - так же, как песни The Beatles, Stones, Дилана... Словами это объяснить сложно. Это чистое искусство. Это - реальное, настоящее.  Я счастлив тем, что был и есть с ними знаком, что дружил и дружу, что стоял с ними на одной сцене. Я счастлив этим.  Алексей Рыбин",2 300 тг,0,Амфора,2015 г.,9785367028331,223,Твердый,207 мм x 134 мм,285 г.,http://www.bookcity.kz/content/images/thumbs/5043680_1366187.jpeg
Тупак Шакур. Жизнь продолжается,Камали К.К.,Неизвестно,2 900 тг,5,Камали Куат Камалұлы ИП,2017 г.,9786010634145,Твердый,18 мм,Неизвестно,Неизвестно,http://www.bookcity.kz/content/images/thumbs/5117169_1450108.jpeg
Хроники. От хулигана до мечтателя,Билан Д.,"Эта книга создавалась долго. Урывками. В самолетах и поездах. В гримерках и в студиях. Даже за кулисами во время концертов. Каждый раз, начиная новую главу, я думал о тех, для кого я пишу. О тех, для кого история моей жизни, пусть не идеальная, но рассказанная искренне и от всего сердца, будет интересна и, возможно, в чем-то полезна. О своих близких, друзьях и поклонниках. Наконец-то я ставлю точку и говорю всем своим слушателям (а теперь уже и читателям!): ""Это - для вас! Спасибо за то, что вы есть! Ваш Дима Билан"".",2 500 тг,0,АСТ,2012 г.,9785271390098,352,Твердый,200 мм x 130 мм,"

                                                Собрание сочинений в 7 томах, Собрание сочинений в 8 томах, Собрание сочинений в 10 томах, Собрание сочинений в 4 томах, Собрание сочинений в 12 томах, Собрание сочинений в 10 томах, 12 книгах, Полное собрание сочинений в 10 томах, Собрание сочинений в 10 томах, Собрание сочинений в 12 томах, Собрание сочинений в 12 томах, Собрание сочинений в 12 томах",http://www.bookcity.kz/content/images/thumbs/5045779_1368396.jpeg
Цой - Forever: документальная повесть,Житинский А.,"В монографии описаны особенности культивирования и применения 22 лекарственных и ароматических растений. Выбор определенных растений из флоры Юго-Восточной Финляндии и Северо-Западного региона России проведен на основе потребностей предприятий, перерабатывающих лекарственное растительное сырье и производящих фитопрепараты и биологически активные добавки, а также специфики культивирования растений. Монография содержит в доступной для читателя форме особенности выбора и подготовки сортового материала, внесения удобрений в зависимости от сезона, а также способы сбора лекарственного сырья без ущерба для растения.Монография представляет интерес для студентов и преподавателей фармацевтических, медицинских и сельскохозяйственных институтов, для агрономов, специалистов, занимающихся научно-исследовательской деятельностью в области интродукции растений.",3 800 тг,5,Пальмира,2017 г.,9785521008339,318,Твердый,215 мм x 145 мм,385 г.,http://www.bookcity.kz/content/images/thumbs/5123006_1455732.jpeg
Чтобы навсегда меня запомнили...,Круг М.,"В этой книге собраны песенно-поэтические произведения знаменитого русского ""шансонье"" Михаила Круга. ""Владимирский централ"" - одна из самых известных лирических песен Михаила. Ее можно назвать гимном русского шансона, поскольку она приобрела широкую популярность в различных кругах российского общества. Все его стихи и песни и до сегодняшнего дня помогают пережить тяготы судьбы, преодолеть душевную боль и отчаяние.",1 500 тг,0,Эксмо,2011 г.,9785699502660,384,Твердый,150 мм x 115 мм,Неизвестно,http://www.bookcity.kz/content/images/thumbs/5021785_1343860.jpeg
Шедевры классической музыки. CD,Неизвестно,Неизвестно,2 100 тг,5,ТВИК-Лирек,4615254642096,Неизвестно,Неизвестно,Неизвестно,Неизвестно,Неизвестно,http://www.bookcity.kz/content/images/thumbs/5116142_1449088.jpeg
Эдит Пиаф,Неизвестно,"Судьба великой Эдит Пиаф от начала до конца была захватывающей драмой: бурные романы, страдания, злоупотребление алкоголем и наркотикам и – и невероятный талант, потрясающий голос, обожание публики. Дитя парижских улиц, Эдит с юных лет познала нищету и бесприютность, а главное – одиночество: всю жизнь она боялась его больше всего на свете. Эта маленькая хрупкая женщина обладала несгибаемой волей и ненасытной жаждой счастья. Всякий раз, выходя на сцену, она сжигала дотла свое сердце, с каждым новым мужчиной «умирала от любви». И, как пела в своей знаменитой песне, «ни о чем не жалела».",700 тг,0,Азбука-Аттикус,2016 г.,978538909648601,96,Мягкий,165 мм x 107 мм,85 г.,http://www.bookcity.kz/content/images/thumbs/5084145_1423139.jpeg
Эдита Пьеха. Признание в любви,Бахарева Н.,"Эдита Пьеха - народная артистка СССР, кумир миллионов людей не только в нашей стране, но и далеко за ее пределами. И это не случайно: рожденная во Франции, девять лет прожившая в Польше, как творческая личность она сумела раскрыться в Советском Союзе. Именно здесь Эдита Пьеха достигла тех вершин искусства, после которых приходят популярность и любовь зрителей. Она всегда была и остается эталоном настоящей женщины. Ее неповторимый стиль, тембр ее голоса, искренние, задушевные песни, артистизм - вот что завораживает людей, делает их преданными своей артистке на всю жизнь. Книга написана сокурсницей Эдиты Пьехи, с которой они общаются на протяжении уже более пятидесяти лет. Автор книги была свидетелем становления творческой личности артистки. Книга содержит вклейку, на которой размещены не публиковавшиеся ранее фотографии, иллюстрирующие жизненный и творческий путь певицы с юности и до наших дней.",1 300 тг,0,Азбука-Аттикус,2007 г.,9785911815257,224,Твердый,200 мм x 130 мм,296 г.,http://www.bookcity.kz/content/images/thumbs/5047416_1368866.jpeg
Эминем. EMINEM. Темная история,Хастед Н.,"Книга британского писателя Ника Хастеда рассказывает о жизни самого популярного рэпера в мире.Маршалл Мэтерс вырос в Детройте, городе-призраке, расколотом на части расовыми конфликтами. Безработная мать, отсутствие денег, предрассудки, насилие на улице и в школе… Трудности, которые он преодолел, во многом определили его творчество. Нищета и безысходность, преследовавшие застенчивого подростка, привели к рождению его ""другого Я"" — монстра по имени Slim Shady. Именно этот персонаж привел Маршалла Мэтерса к невероятному успеху. В книге автор шаг за шагом отслеживает крайне тяжелые отношения Эминема с его матерью, с единственной любовью — Ким Скотт. Писатель рассказывает о дружбе и особенностях сотрудничества Маршалла Мэтерса с участниками D12 и легендарным продюсером Dr.Dre. На страницах книги раскрываются подробности убийства лучшего друга Эминема Пруфа, описывается период творческого застоя, пристрастие самого продаваемого рэп-артиста к наркотикам, его последующая реабилитация и триумфальное возвращение в мир музыки с потрясающим альбомом Recovery.",2 700 тг,5,Ульяновский Дом Печати,2019 г.,9785985851458,248,Твердый,240 мм x 170 мм,515 г.,http://www.bookcity.kz/content/images/thumbs/5132063_1464421.jpeg
Энрико Карузо,Булыгин А.К.,"Творческое наследие великого итальянского певца Энрико Карузо   изучено достаточно хорошо, однако до недавнего времени его человеческий облик и личная жизнь были едва различимы под завесой мифов. В своей книге писатель Алексей Булыгин рассказывает о малоизвестных фактах его биографии, его сложных и порой драматических взаимоотношениях с родственниками и близкими людьми, представляет своего героя не только как гениального артиста, но и как крайне противоречивую личность.",3 400 тг,3,Молодая гвардия,2010 г.,9785235033337,480,Твердый,207 мм x 133 мм,466 г.,http://www.bookcity.kz/content/images/thumbs/5039938_1360757.jpeg
Энциклопедия Хард-рока. KIiss Unmasked,Неизвестно,Неизвестно,2 200 тг,0,Рок-Экспресс,2006 г.,9785937810106,Мягкий,13 мм,270 г.,Неизвестно,http://www.bookcity.kz/content/images/thumbs/5005675_1326839.jpeg
Я лечила Высоцкого,Агеева З.,"Автор этой книги – врач-психиатр. Несколько десятилетий своей жизни Зинаида Агеева отдала работе в психиатрической больнице, куда волею судьбы однажды привезли Владимира Высоцкого. Впоследствии певец и актер еще не раз оказывался на грани безумия. Зинаида Агеева, вместе с персоналом больницы была рядом с Высоцким в самые мрачные периоды его жизни. Отношения врача и пациента вскоре переросли в доверительно-дружеские, что позволило автору глубже узнать душевный мир всенародного кумира. Вашему вниманию предлагается история жизни Владимира Высоцкого, написанная его лечащим врачом.",3 100 тг,0,Эксмо,2016 г.,9785906880192,272,Твердый,200 мм x 130 мм,230 г.,http://www.bookcity.kz/content/images/thumbs/5095807_1433838.jpeg
