Live Book Черный юмор для белых,Тишков,"Карикатуры и рисунки, вошедшие в эту книгу, создавались в 70-е и 80-е годы двадцатого века, многие были опубликованы в разных популярных газетах и журналах тех времен, некоторые публикуются впервые. В этой книге - первая полная подборка ранних работ Тишкова-карикатуриста. Каждым своим рисунком Тишков подтверждает, что весь окружающий нас мир - это только линии на бумаге.",5 000 тг,0,Гаятри,2008 г.,9785968901484,160,Твердый,290 мм x 220 мм,19 мм,637 г.,http://www.bookcity.kz/content/images/thumbs/5022645_1344672.jpeg
Афоризмы великих врачей,Бутромеев В.П. ред.,Неизвестно,8 400 тг,5,Олма,2018 г.,9785001112310,Твердый,270 мм x 210 мм,20 мм,820 г.,Неизвестно,http://www.bookcity.kz/content/images/thumbs/5122373_1455118.jpeg
Афоризмы великих женщин,Неизвестно,"Выбранные высказывания — тонкие наблюдения, отражающие взгляд женщины на внутренний и окружающий мир, в том числе и на различных его представителей. Остроумные, меткие, глубокие афоризмы говорят о потрясающей женской интуиции, оригинальности и яркости женского ума, исключительной наблюдательности и мудрости.",1 500 тг,1,АСТ,2016 г.,9785170984664,192,Твердый,14 мм,150 г.,Неизвестно,http://www.bookcity.kz/content/images/thumbs/5101646_1438216.jpeg
Афоризмы великих мужчин,Неизвестно,"Остроумные, меткие, глубокие афоризмы говорят о целях и образе действия мужчин, преобразовывавших этот мир, совершавших победы, строивших и защищавших империи. Сборник содержит статьи о жизни и творчестве знаменитых мужчин, чтобы читатель понял, в каких обстоятельствах формировались их характеры.",1 600 тг,4,АСТ,2016 г.,9785170984701,192,Твердый,15 мм,145 г.,Неизвестно,http://www.bookcity.kz/content/images/thumbs/5101832_1438381.jpeg
Афоризмы восточной мудрости,Неизвестно,"Мудрость — это определенное выражение мыслей, основанное на опыте и сконцентрированное на идеях мыслителей и философов. Восточная мудрость — это сочетание глубоких знаний и жизненного опыта великих мира сего. Философия Востока стала единой многообразной системой идей для различных поколений. На Востоке считается, что без духовного развития любые знания бесполезны, так как мудрость всегда находится по другую сторону интеллекта и сознания. В этой книге мы предлагаем вам самую лучшую подборку афоризмов восточных мудрецов, которые помогут открыть новые имена, делая познания наиболее полными и глубокими.",1 400 тг,4,АСТ,2017 г.,9785170979011,192,Твердый,18 мм,140 г.,Неизвестно,http://www.bookcity.kz/content/images/thumbs/5101642_1438212.jpeg
Афоризмы Древней Греции и Рима,Кожевников А.Ю.,"Культурные шедевры Древней Греции и основы законности и государства, заложенные в Древнем Риме, - вот тот фундамент, на котором уже два тысячелетия стоит вся европейская цивилизация. Осознавая это или нет, мы ежедневно обращаемся к нашим корням, уходящим в античные времена, пользуясь мудростью древних, их крылатыми словами и афоризмами. Платон и Аристотель, Сократ и Сенека, Геродот и Плутарх, Гомер и Вергилий, Эзоп и Апулей, Софокл и Эсхил ? вот лишь несколько имен великих древних мудрецов из этой книги, обращающихся к нам через века и говорящих о самом главном: о любви и смерти, богатстве и милосердии, здоровье и знаниях. В этом красочно иллюстрированном подарочном издании перед вами предстанут основы тысячелетней мудрости человечества!",8 400 тг,5,Олма Медиа Групп,2019 г.,9785001114338,Твердый,15 мм,Неизвестно,Неизвестно,Неизвестно,http://www.bookcity.kz/content/images/thumbs/5133661_1465637.jpeg
Афоризмы советских вождей,Коваль Ю.И.,"Несмотря на то, что Советский Союз давно канул в Лету, интерес к противоречивой и сложной советской эпохе не угасает. И вряд ли что-то сможет характеризовать ее лучше, чем пламенные выступления и речи советских вождей и общественных и культурных деятелей. В сборнике собраны мысли и высказывания, иллюстрирующие советскую действительность в самых разных ее аспектах, здесь не только политические лозунги и призывы к мировому пожару, но и суждения о смысле жизни, о человеческом предназначении, об искусстве и о многом другом.",7 200 тг,1,Олма Медиа Групп,2014 г.,9785373068383,304,Твердый,290 мм x 205 мм,28 мм,1050 г.,http://www.bookcity.kz/content/images/thumbs/5071674_1411206.jpeg
Большая жизнь хулиганствующего ортодокса,Раскин И.З.,"За полтора десятка лет книга ""ЭНЦИКЛОПЕДИЯ ХУЛИГАНСТВУЮЩЕГО ОРТОДОКСА"" набрала тираж более МИЛЛИОНА экземпляров. Теперь читатели могут познакомиться с мемуарами ее автора - известного московского книжника, книголюба и книгопродавца, вдохновенного собирателя анекдотов. Человека (как он сам о себе говорит), воспитанного маршами Чернецкого, стихами Исаковского и фильмами Чиаурели.  Его автобиография - тоже ЭНЦИКЛОПЕДИЯ (жизни самого Иосифа Раскина). В ней автор по-прежнему ХУЛИГАНСТВУЕТ. И по-прежнему остается веселым ОРТОДОКСОМ.",2 300 тг,1,"Книжный Клуб 36,6",2007 г.,9785986970998,400,Твердый,217 мм x 145 мм,23 мм,535 г.,http://www.bookcity.kz/content/images/thumbs/5068545_1408250.jpeg
Большая книга восточной мудрости (с драконом),Неизвестно,"Более 1000 лучших восточных притч и афоризмов в одной книге. Древний Китай, Тибет, Япония, Средняя Азия, Ближний Восток, Индия раскроются перед вами жемчужинами буддийской, даосской, конфуцианской, дзенской, суфийской, индуистской, хасидской и христианской мудрости. Притчи, рассказанные простым и понятным языком, и драгоценные афоризмы помогут вам понять самих себя, придадут сознанию ясность и свежесть и даже подскажут выход в непростой ситуации или оригинальное решение проблемы. Яркое подарочное оформление и вечно живая мудрость древних времен делают эту книгу запоминающимся и значимым подарком как для ценителей восточной культуры и философии, так и для тех, кто ищет мудрого совета и руководства на каждый день. Книга снабжена приложением, посвященным религиозно-философским учением Востока, примечаниями, перечнем дополнительной литературы и алфавитным указателем.",8 100 тг,5,Эксмо,2018 г.,9785040904143,800,Твердый,60 мм,800 г.,Неизвестно,http://www.bookcity.kz/content/images/thumbs/5117679_1450600.jpeg
Большая книга мудрости,Неизвестно,"С древних времен человеческая мысль обращалась в слова и пленяла дух. Мастерство слова всегда помогало найти путь к человеческим сердцам, недаром ораторское искусство ценилось на протяжении веков. Книга, которую вы держите в руках, - это сборник цитат и изречений, передававшихся из поколения в поколение. Античность, Древний Восток, Новое и Новейшее время оживут перед вами и предстанут самыми яркими и запоминающимися образами. Деятели литературы, науки, религии, искусства и кино с разных концов света воодушевляют, мотивируют, вдохновляют на переосмысление основ жизни и бытия, напоминают о вечных истинах и истинных целях.",8 800 тг,4,Эксмо,2018 г.,9785699758616,800,Твердый,200 мм x 130 мм,75 мм,965 г.,http://www.bookcity.kz/content/images/thumbs/5064575_1404905.jpeg
Большая книга мудрости и остроумия,Душенко К.В.,"В этой книге собраны афоризмы, которые могли бы заинтересовать современного читателя. Многие из них принадлежат античным писателям, классикам XVII, XVIII, XIX веков. И если современные авторы все же преобладают, то это потому, что Сенека ничего не писал о компьютерах, Вольтер - о кино, а Марк Твен - о фрейдизме. Здесь есть изречения, заставляющие задуматься есть фразы, заставляющие улыбнуться. Но самые лучшие - те, в которых улыбку и мысль нельзя разделить. Они-то и составляют ядро ""Большой книги мудрости и остроумия"".",7 400 тг,1,Эксмо,2018 г.,9785699820955,1008,Твердый,215 мм x 145 мм,49 мм,1030 г.,http://www.bookcity.kz/content/images/thumbs/5078204_1417453.jpeg
Большая книга одесского юмора,"Хаит В.И., Квартет И, Карцев Р.А. и др.","Не уменьшающаяся с годами популярность произведений Бабеля, Ильфа и Петрова, Катаева, Олеши, продолжающееся блистательное творчество Михаила Жванецкого, вот уже почти 20 лет выходящий в Одессе юмористический журнал ""Фонтан"" - благоприятствовали появлению в ""Столице юмора"" новых талантливых авторов, пишущих в веселом жанре. Мы предлагаем вниманию читателей произведения некоторых из них. Какие-то из этих имен вам хорошо знакомы, какие-то нет. Но мы надеемся, что представленные в этой книге рассказы, стихи и миниатюры не только достойно продолжат одесские литературные традиции, но и станут любимым чтением истинных поклонников настоящего одесского юмора...",5 600 тг,4,Эксмо,2016 г.,9785699899210,928,Твердый,215 мм x 145 мм,50 мм,840 г.,http://www.bookcity.kz/content/images/thumbs/5091866_1429803.jpeg
Большая книга семейной мудрости,Сирота Э.Л.,"Дорогой читатель! Перед вами книга, которая создавалась даже не десятилетия - столетия. Ее творил сам народ, а литературно одаренные люди доводили до совершенства. Это ""Большая книга семейной мудрости"". В ней вы найдете обобщенный опыт предков и простые истины великих знатоков человеческих душ. Как узнать своего суженого, как сделать день бракосочетания незабываемым, как всей семьей правильно и радостно воспитывать детей, как черпать удовольствие в дружбе, как находить счастье творчества в повседневной работе… Наши предки из поколения в поколение размышляли об этом - и щедро делились мудростью на все времена. Ведь что может быть важнее в жизни человека, чем его родные, друзья, дом? Прикоснитесь к ней, почитайте книгу вместе с семьей - и ваши семейные узы станут еще крепче.",7 800 тг,3,Эксмо,2016 г.,9785699908257,608,Твердый,210 мм x 140 мм,50 мм,635 г.,http://www.bookcity.kz/content/images/thumbs/5098165_1436123.jpeg
Большая книга славянской мудрости,Неизвестно,"Мудрость славян, накопленная за тысячи лет, не исчезла в глубинах веков, она сохранилась в обычаях и традициях, в генах и памяти поколений, в самой душе народа и, конечно, в языке. Несметные сокровища - ценные мысли, многовековой опыт, светлые озарения - переданы при помощи ярких высказываний и литературных отрывков. В этой книге, которая является не просто сборником цитат, а собранием знаний и размышлений на различные темы. Какую область ни возьми - военную науку или любовную премудрость, воспитание подрастающего поколения или этапы духовного пути, способы сохранения телесного здоровья или умение нажить благосостояние - обо всем думали самые светлые головы. ""Премудрость одна, а мудростей много"", - гласит русская пословица.",7 200 тг,0,Эксмо,2016 г.,9785699772865,608,Твердый,200 мм x 130 мм,46 мм,615 г.,http://www.bookcity.kz/content/images/thumbs/5100378_1433143.jpeg
Большая энциклопедия хулиганствующего ортодокса,Раскин И.,"Иосиф Захарович Раскин - известный московский книжник, книголюб и книгопродавец, член Союза писателей Москвы. По его словам, воспитан маршами Чернецкого, стихами Исаковского и фильмами Чиаурели. Всю жизнь, с раннего своего детства, со времен войны, Иосиф Раскин любит анекдоты и частушки. С радостью ребенка их всегда и всем рассказывает, и когда-то из его коллекции анекдотов, цитат, курьезов, забавных случаев из жизни знаменитых людей получился солидный сборник. ""Энциклопедия хулиганствующего ортодокса"" выходила в свет уже несколько раз и давно стала бестселлером. Новое, расширенное и дополненное издание книги, разумеется, получило название ""БОЛЬШАЯ Энциклопедия хулиганствующего ортодокса"".",5 800 тг,5,"Книжный Клуб 36,6",2016 г.,9785986973586,656,Твердый,240 мм x 170 мм,36 мм,1010 г.,http://www.bookcity.kz/content/images/thumbs/5091564_1429522.jpeg
Большой словарь латинских цитат и выражений,"Душенко К.В., Багриновский Г.Ю","Словарь содержит более 9,5 тысяч латинских цитат и выражений — в несколько раз больше, чем в существующих отечественных изданиях подобного рода. При этом постклассический период латинской культуры (латынь средневековая и Нового времени, особенно научная и юридическая) представлен здесь наравне с ""классическим"", т. е. римским. Всюду, где это возможно, даются сведения о происхождении цитаты или выражения. Происхождение многих цитат и выражений указывается впервые.",8 800 тг,0,Азбука-Аттикус,2017 г.,9785389129832,912,Твердый,60 мм,945 г.,Неизвестно,http://www.bookcity.kz/content/images/thumbs/5114337_1447454.jpeg
В Греческом зале,Жванецкий М.М.,Нет,3 500 тг,2,Эксмо,2014 г.,9785699743131,288,Твердый,200 мм x 145 мм,32 мм,450 г.,http://www.bookcity.kz/content/images/thumbs/5062285_1402763.jpeg
Великие мысли,Неизвестно,Неизвестно,1 800 тг,5,Ирфон,2017 г.,9789997503701,Мягкий,16 мм,Неизвестно,Неизвестно,Неизвестно,http://www.bookcity.kz/content/images/thumbs/5092199_1430135.jpeg
Великие мысли великих людей. Мудрость тысячелетий. Сост. Кондрашов А.П.,Кондрашов А.П.                                                                  ,"В книгу вошли изречения великих писателей, философов, ученых, общественных и политических деятелей Востока и Запада с древнейших времен до наших дней. Склонный к размышлениям читатель найдет в настоящем сборнике не только богатую пищу для ума, но и средство отрешиться от повседневных работ, философски посмотреть на бурлящую вокруг жизнь, заглянуть в самого себя, а также отдохнуть и развлечься.",5 600 тг,1,Рипол Классик,2018 г.,9785386101732,Мягкий,10 мм,Неизвестно,Неизвестно,Неизвестно,http://www.bookcity.kz/content/images/thumbs/5131239_1463610.jpeg
Великие полководцы. Афоризмы. Притчи. Легенды.,Кожевников А.Ю.,"Александр Македонский, Юлий Цезарь, Аттила, Александр Невский, Тамерлан, Михаил Кутузов, Наполеон... Имена этих великих полководцев присутствуют во всех энциклопедиях мира, об их блестящих победах повествуют тысячи книг, об их жизни сняты сотни фильмов. Каждого из них без преувеличения можно назвать национальным героем, доблестным защитником, поднявшим престиж, укрепившим могущество или расширившим границы своего государства.Уникальные мысли и высказывания знаменитых военачальников, собранные в этой книге, позволят раскрыть секрет их успеха и приобщиться к их бесценному жизненному опыту.",7 400 тг,3,Олма Медиа Групп,2018 г.,9785001112365,256,Твердый,265 мм x 210 мм,15 мм,895 г.,http://www.bookcity.kz/content/images/thumbs/5115819_1448797.jpeg
"Великое наследие древних: мысли и изречения древних греков, древних римлян, учителей Церкви, мудрецов Талмуда",Душенко К.В.,"В этой книге собраны лучшие прозаические произведения древних мыслителей, писателей, ораторов и богословов. Это далеко не первая в России антология мыслей и изречений древних. Что отличает ее от прежних? Прежде всего: ее основным источником были не ""готовые"" собрания изречений, а сочинения самих древних авторов. Указывается источник всех включенных в книгу цитат. Подробный указатель позволяет найти высказывания на самые разные темы. Итак, перед вами - самое полное из существующих на русском языке собрание мысли и красноречия древних, и в то же время - удобный в работе справочник.",6 800 тг,1,Эксмо,2019 г.,9785699830831,736,Твердый,215 мм x 145 мм,39 мм,450 г.,http://www.bookcity.kz/content/images/thumbs/5078206_1417455.jpeg
Вкус правды. Афоризмы и изречения китайских мудрецов,Сост. Малявина В.В.,"""Вкус правды"" - это сборник афоризмов китайских писателей разных исторических эпох, переведенных известным синологом Владимиром Малявиным. Для современного читателя они не так знакомы, как авторы классических текстов вроде Конфуция или Лао Цзы, но позволяют проследить развитие философской мысли и ее влияние на повседневную жизнь Поднебесной. Мудрость, заключенная в изречениях древних китайских авторов, переходит в эстетику восприятия и сердечную искренность, творческая игра духа ведет к стратегическому планированию и созиданию.",5 000 тг,2,Рипол Классик,2016 г.,9785386089481,432,Твердый,215 мм x 145 мм,30 мм,635 г.,http://www.bookcity.kz/content/images/thumbs/5107032_1435823.jpeg
Восточная мудрость,Кодзова С.З. сост.,"Восток - край восходящего солнца и древнейших цивилизаций, мировых религий и философских учений, на протяжении многих веков не утрачивающих своей значимости. Это Земля обетованная, центр сакральных знаний человечества и мир, хранящий первозданные тайны природы. Книга, которую вы сейчас держите в руках, позволит, если уж не понять, то хотя бы заглянуть в этот удивительный мир, поскольку Восток - это, помимо всего прочего, еще и родина афоризмов, встречающихся здесь на каждом шагу: в текстах священных писаний, в религиозно-философских учениях, в литературных памятниках, в художественных произведениях и в народном фольклоре. Древний Китай, Япония, Ближний Восток, Индия и Средняя Азия раскроются перед вами жемчужинами буддийской, даосской, конфуцианской, индуистской и христианской мудрости, что позволит не только наслаждаться радостями многогранной и неизведанной жизни, но и обрести внутреннюю гармонию и высшее духовное знание.",7 600 тг,4,Просвещение,2016 г.,9785373077491,304,Твердый,290 мм x 205 мм,23 мм,1055 г.,http://www.bookcity.kz/content/images/thumbs/5086990_1425652.jpeg
Вся правда о России. Часть 2,Задорнов М.,"Живой Журнал Михаила Задорнова, в котором он пишет обо всем, что кажется ему важным. О событиях в стране, в мире, о том, что происходит с нами. Книга с иллюстрациями, с интересными и познавательными фактами, и конечно же с юмором!",4 600 тг,2,Эксмо,2016 г.,9785699919031,464,Мягкий,215 мм x 145 мм,23 мм,545 г.,http://www.bookcity.kz/content/images/thumbs/5103978_1440413.jpeg
Горин Г. Малое собрание сочинений,Горин Г.И.,"Прозаик и драматург Григорий Горин – мастер афоризма, печальный балагур, веселый мыслитель, автор злободневных текстов на вечные темы. Его пьесы, сочетающие в себе непринужденность и глубину, смешинку и трагизм, иронию и сочувствие, давно разошлись на цитаты и создали собственный уникальный мир театра и кино – мир Григория Горина. В настоящее издание вошли лучшие пьесы и киносценарии автора.",3 900 тг,1,Азбука-Аттикус,2015 г.,978538909998201,640,Твердый,36 мм,665 г.,Неизвестно,http://www.bookcity.kz/content/images/thumbs/5075062_1414320.jpeg
"Денег нет, но вы держитесь!",Душенко К.В.,"Изречения наших политиков — новейшая область народного творчества. Иные из них уже подхвачены широкими массами. другие, не менее выдающиеся, должны быть сохранены для потомства.",2 900 тг,5,Эксмо,2018 г.,9785040932153,Мягкий,Неизвестно,Неизвестно,Неизвестно,Неизвестно,http://www.bookcity.kz/content/images/thumbs/5118836_1451712.jpeg
Достоевский: золотые афоризмы классической литературы,Достоевский Ф.М.,"Федор Михайлович Достоевский - великий русский писатель, гений не только отечественной, но и всемирной литературы. Его произведения актуальны по сей день. Перечитывая бессмертные творения писателя, каждый раз открываешь для себя что-то новое. В романах и повестях Достоевского раскрывается всестороннее знание жизни и человеческой натуры, они проникнуты глубоким психологизмом и гуманистическими идеями. И в этой книге мы привели лишь некоторые мысли великого писателя, в наиболее сжатой, афористической форме отражающие мировоззрение Достоевского.",1 200 тг,4,Планета Книг,2013 г.,9785000420102,128,Твердый,140 мм x 107 мм,9 мм,65 г.,http://www.bookcity.kz/content/images/thumbs/5070439_1410101.jpeg
Древо бытия Омара Хайяма. Афоризмы и изречения,Неизвестно,"Данная книга содержит избранные афоризмы и изречения великого персидского мыслителя и поэта Омара Хайяма из его научных и поэтических произведений. Размышления мудреца о любви и счастье, об истине и судьбе, о печали и заблуждениях, о желаниях и страстях отличаются парадоксальностью по сути и содержанию и афористичностью по форме. .Подарочное издание богато оформлено персидскими миниатюрами XV-XIX веков, иллюстрациями к стихам Хайяма, а также великолепными шедеврами живописи.",8 000 тг,5,Олма,2018 г.,9785001114444,Твердый,21 мм,Неизвестно,Неизвестно,Неизвестно,http://www.bookcity.kz/content/images/thumbs/5122374_1455119.jpeg
Жемчужины мысли,Шебушева И.Д.,"Настоящее издание поистине уникально: в нем, кроме остроумных цитат великих людей, а также пословиц, ставших со временем крылатыми выражениями, размещены картины выдающихся мастеров живописи иллюстрирующие эти изречения, что дает возможность глубже прочувствовать ту или иную мысль.",700 тг,0,АСТ,2011 г.,9789851800052,128,Твердый,11 мм,256 г.,Неизвестно,http://www.bookcity.kz/content/images/thumbs/5040696_1362955.jpeg
Жилищно-коммунальные вредные советы,Остер Г.,"В 1649 году царем Алексеем Михайловичем был утвержден ""Наказ о градском благочинии"", где были установлены некоторые правила ведения городского хозяйства. С тех самых пор и ведет отсчет своей истории российское ЖКХ.",3 300 тг,0,АСТ,2009 г.,9785170629572,84,Твердый,266 мм x 225 мм,9 мм,543 г.,http://www.bookcity.kz/content/images/thumbs/5020706_1341894.jpeg
Задорный неФормат,Задорнов М.,"На протяжении трёх с лишним лет программа «НеФормат» на радио «Юмор FM» оставалась суперпопулярной. Количество просмотров её выпусков на сегодня составляет около двух миллионов и продолжает расти! Очень надеемся, что эта книга послужит ещё одним толчком к популяризации творчества остроумного, всеми любимого, ироничного и невероятно популярного в нашей стране писателя-сатирика Михаила Задорнова.Первая книга по мотивам «НеФормата» мгновенно разлетелась с прилавков, поэтому читайте вторую! В ней самые интересные, самые важные, самые смешные выдержки из радиопередач.",3 600 тг,3,Центрполиграф,2018 г.,9785227082671,352,Твердый,200 мм x 130 мм,30 мм,385 г.,http://www.bookcity.kz/content/images/thumbs/5125591_1458128.jpeg
Засланцы,Измайлов Л.М.,"Представляем вашему вниманию новую книгу любимца публики, писателя­острослова, мастера сатиры и виртуоза эстрады Лиона Измайлова. Вот уже не один десяток лет этот человек дарит нам заряд бодрости, хорошее настроение и добрые улыбки. Прочь скука, грусть и хандра! Читайте забавные рассказы, уморительные анекдоты, смешные байки и комические повести. Вас ждут вымышленные герои и ­ реальные персонажи из нашего прошлого: А.С. Пушкин, Н.В. Гоголь, М.И. Кутузов, Лжедмитрий I, Александр II, В.И. Ленин, И.В. Сталин, Л.И. Брежнев... Естественно, эти уроки истории преподнесены в характерном для автора забавно­ироническом стиле. Может, всё и не так было на самом деле, но никто не запрещает нам пофантазировать...",2 700 тг,1,Центрполиграф,2017 г.,9785227079640,320,Твердый,20 мм,285 г.,Неизвестно,http://www.bookcity.kz/content/images/thumbs/5122098_1454881.jpeg
Золотая коллекция афоризмов,Неизвестно,"В этом богато иллюстрированном сборнике собраны самые известные, меткие, остроумные, тонкие и глубокомысленные высказывания талантливых, мудрых и незаурядных людей, оставивших след в науке, искусстве, политике и общественной жизни. Что думали эти выдающиеся личности о любви, о богатстве, о зависти, о лжи, об обуревающих человека страстях и желаниях?Книга предоставляет уникальную возможность ""побеседовать"" с неординарными людьми на самые актуальные и волнующие темы.",8 400 тг,5,Олма Медиа Групп,2018 г.,9785001112655,256,Твердый,18 мм,915 г.,Неизвестно,http://www.bookcity.kz/content/images/thumbs/5120298_1453098.jpeg
Золотые притчи,Зульфикаров Т.,"В настоящем томе собраны новеллы и притчи легендарного мудреца бессмертного бродяги, острослова и любимца разных народов Ходжи Насреддина. В разделах «Возвращение Ходжи Насреддина» и «Золотые притчи Ходжи Насреддина» знаменитый дервиш предстает скорее в печальном, философском образе, нежели в облике отчаянного жизнелюба. Эти произведения переведены на многие языки мира. Целый ряд известных режиссеров XX века обращались к творчеству Тимура Зульфикарова.",1 800 тг,1,Международный клуб любителей поэзии Абая,2004 г.,9789965611278,Твердый,17 мм,Неизвестно,Неизвестно,Неизвестно,http://www.bookcity.kz/content/images/thumbs/5044362_1385297.jpeg
Избранные пословицы русского народа,Даль В.,Неизвестно,7 500 тг,2,Олма Медиа Групп,2018 г.,9785001112297,Твердый,15 мм,Неизвестно,Неизвестно,Неизвестно,http://www.bookcity.kz/content/images/thumbs/5120297_1453097.jpeg
Илиада,Гомер,"Ни одно из многочисленных литературных произведений древности не оказало такого сильного влияния на дальнейшее развитие мировой культуры, как бессмертные поэмы Гомера ""Илиада"" и ""Одиссея"". Минули века, однако притягательная сила поэм легендарного эпического поэта Древней Греции неумолима. Притягательность гомеровских поэм не только в том, что их автор вводит нас в мир, отделенный от современности десятками столетий и все же необычайно реальный благодаря гению поэта, сохранившего в своих поэмах биение современной ему жизни. Бессмертие Гомера в том, что в его гениальных творениях заключены неисчерпаемые запасы общечеловеческих непреходящих ценностей - разума, добра и красоты. В настоящем издании вниманию читателей предлагается ""Илиада"" в переводе Н.И.",1 400 тг,5,Азбука-Аттикус,2014 г.,978538905870505,608,Твердый,200 мм x 130 мм,30 мм,425 г.,http://www.bookcity.kz/content/images/thumbs/5056457_1397932.jpeg
Искусство политики,Неизвестно,"Это весьма любопытное издание — своеобразный автопортрет Политика. Как из кусочков мозаики, он складывается из личных высказываний вершителей судеб человеческих. Перелистывая эти страницы, мы получаем возможность оценить неоднозначность его «выражения лица», проступающего сквозь блестящую маску из остроумных фраз и ярких лозунгов. Эта книга предоставляет слово Цезарю и Наполеону, Петру I и Николаю II, Черчиллю и Кеннеди, а также другим значимым фигурам Истории. Их деятельность во многом определила сегодняшнюю политическую карту мира. И мы готовы присоединиться к словам Сократа и Вольтера, Манна и Эйнштейна, которые утверждали, что подлинное искусство политиков раскрывается в благополучии тех, кого они величают народом, то есть нас с вами.",8 100 тг,5,АСТ,2018 г.,9785179833055,192,Твердый,14 мм,865 г.,Неизвестно,http://www.bookcity.kz/content/images/thumbs/5120509_1453308.jpeg
История знаменитых цитат,Душенко К.В.,"Популярные цитаты - одна из важных частей культуры нередко это формулы нашего мышления. Знать, откуда они появились и что они означали в разное время, — дело вовсе не лишнее. Позволю себе предположить, что даже осведомленный читатель узнает немало нового о том, что он считал хорошо известным. А кроме того, выяснение этого - занятие необычайно увлекательное…",6 200 тг,5,Азбука-Аттикус,2018 г.,978538913120001,704,Твердый,215 мм x 145 мм,35 мм,820 г.,http://www.bookcity.kz/content/images/thumbs/5118759_1451632.jpeg
История мудрости в афоризмах великих,Неизвестно,"Перед вами история мудрости в афоризмах и высказываниях. Как менялась афористичная мысль на протяжении тысячелетий? Спорят ли великие со своими предшественниками и последователями? Повторяются? Учатся у них? И слышат ли они вообще друг друга?""Время уносит все"", - высказывался Платон. Но парадокс - он оказался первым философом древности, чьи сочинения сохранились в оригинале. Его предшественник Геродот был убежден, что ""издревле есть у людей мудрые и прекрасные изречения. от них следует нам поучаться..."".В этой книге вы можете совершить уникальное путешествие сквозь время, ""поглотившее многих великих""",8 000 тг,3,Олма,2018 г.,9785001113768,Твердый,12 мм,Неизвестно,Неизвестно,Неизвестно,http://www.bookcity.kz/content/images/thumbs/5122375_1455019.jpeg
Кабус- наме,Кей-Кавус,"Познакомьтесь с одним из интереснейших памятников культуры мусульманского Востока. Эту книгу поучений написал для своего сына в конце ХI века Кей-Кавус — потомок некогда могущественного рода иранской аристократии, утратившего свое величие в условиях арабского халифата. Книга сделалась на многие столетия самым популярным пособием по педагогике, да и просто любимым семейным чтением. Большинство советов отца сыну и по сей день звучат актуально и могут оказаться полезными.",1 900 тг,5,Международный клуб любителей поэзии Абая,2004 г.,9789965611285,Твердый,17 мм,Неизвестно,Неизвестно,Неизвестно,http://www.bookcity.kz/content/images/thumbs/5045272_1385235.jpeg
Кельтские мифы,Неизвестно,"Кельты, как ни один другой народ, окружены ореолом тайны, их культура, повлиявшая на традицию всей Европы, манит и завораживает. Кельтская мифология богата волшебными легендами и преданиями, передававшимися из уст в уста, и по многообразию богов и героев не уступает древнегреческой. Легенды о доблестном Кухулине, Артуре, подвигах Финна, племени богини Дану, любви Тристана и Изольды стали богатейшим материалом для У.Шекспира, У.Вордсворта, А.Теннисона, Дж.Толкисна и многих других классиков мировой литературы. В книгу вошло знаменитое собрание валлийских сказаний ""Мабиногион"" в переложении леди Шарлотты Гест, а также ""Ирландские сказания"" (переложение леди Изабеллы Августы Грегори).",3 700 тг,4,Эксмо,2016 г.,9785699863587,672,Твердый,200 мм x 130 мм,38 мм,620 г.,http://www.bookcity.kz/content/images/thumbs/5118804_1451679.jpeg
Книга Власти,Шан Ян,"Каждый властитель, желающий вернуть своей стране силу, мощь и славу, неизбежно открывает для себя ""Книгу Власти"" - один из первых в мире трактатов, не менее почитаемый в Китае, чем труды Конфуция. Написанный китайским мыслителем и политическим деятелем Шан Яном, этот труд стал популярен в Европе лишь через два тысячелетия - после появления ""Государя"" Макиавелли.Все существовавшие в мире империи и их правители в той или иной степени обращались к идеям и мыслям, рожденным Шан Яном, его рецепты по укреплению государственной власти верой и правдой служили человечеству на протяжении многих веков и, без всякого сомнения, будут востребованы вновь...",8 400 тг,5,Олма Медиа Групп,2018 г.,9785001111078,256,Твердый,290 мм x 205 мм,25 мм,915 г.,http://www.bookcity.kz/content/images/thumbs/5115836_1448814.jpeg
Книга мудрости,Неизвестно,"В этом роскошном сборнике собрана воедино драгоценная часть интеллектуального наследия человечества - афоризмы, мудрые мысли, образцы изящной литературы, сакральные заповеди, жемчужины философских трактатов, близкие сердцу стихотворные формы. .Книга дает редкую возможность прислушаться к увлекательному вневременному спору просветленных мистиков с отъявленными безбожниками, теософов с марксистами, убежденных однолюбов с женоненавистниками, твердых аскетов с поклонниками Бахуса и плотских утех, великих оптимистов с черными пессимистами. .Добро пожаловать в мир вечных истин!",8 600 тг,5,Олма Медиа Групп,2018 г.,9785001112167,Твердый,20 мм,Неизвестно,Неизвестно,Неизвестно,http://www.bookcity.kz/content/images/thumbs/5115881_1448859.jpeg
Книга тысячи и одной ночи. Арабские сказки (с иллюстрациями),Неизвестно,"Истории, входящие в ""Книгу тысячи и одной ночи"" и восходящие к арабскому, иранскому и индийскому фольклору, весьма разнородны по стилю и содержанию. Это калейдоскоп событий и образов давно минувшей эпохи с пестрым колоритом нравов и быта различных слоев во времена багдадского правителя Харун ар-Рашида. Связующим звеном всех сказок является мудрая и начитанная дочь визиря Шехерезада. Спасаясь от расправы Шахрияра, после измены ополчившегося на всех женщин, Шехерезада своими историями отвлекает тирана от мрачных мыслей, прерывая свой рассказ на самом интересном месте и разжигая его любопытство… Джинны и колдуны, запечатанные тайным словом сокровища, волшебные кольца и светильники, очарованные юноши и лукавые красавицы – таким открывается читателю причудливый, пестрый, загадочный мир арабских сказок.",8 000 тг,0,Эксмо,2019 г.,9785040986026,Твердый,15 мм,Неизвестно,Неизвестно,Неизвестно,http://www.bookcity.kz/content/images/thumbs/5129108_1461570.jpeg
Кожевников. Легенды Древней Тавриды,Неизвестно,"Крымская земля на протяжении многих столетий была центром бурных исторических событий, оставивших в ее народном фольклоре неизгладимые следы. Дивная природа полуострова - Черное море, причудливые контуры скал, покрытые лесом глубокие ущелья, таинственные пещеры - все это навевало фантастические образы и сюжеты, легко ложившиеся в основу древних легенд.  В сказаниях древней Тавриды прекрасно уживаются и герои из древнегреческой мифологии - Геракл, Артемида, Ифигения и реальные исторические личности - к примеру, крымские ханы Крым-Гирей и Арслан-Гирей и сказочные существа - птицы-амазонки, хитрые джинны и злобные шайтаны. В них также фигурирует множество географических реалий - гора Аю-Даг (Медвежья гора), Бахчисарайский фонтан, Разбойничья пещера, развалины крепости на Крестовой горе и т. д.  В крымских легендах, как и положено, воспеваются мужество и бесстрашие народа, они внушают веру в неизбежное торжество добра над злом, в справедливость и победу высоких принципов человеколюбия.",6 800 тг,0,Олма Медиа Групп,2015 г.,9785373074964,304,Твердый,290 мм x 205 мм,26 мм,1080 г.,http://www.bookcity.kz/content/images/thumbs/5127839_1460332.jpeg
Козьма Прутков. Избранное,Неизвестно,"Козьма Прутков - одна из самых удивительных загадок русской литературной и общественной жизни. Вымышленный персонаж, порожденный богатой фантазией поэта Алексея Константиновича Толстого и его двоюродных братьев Жемчужниковых - Алексея Михайловича, Владимира Михайловича и Александра Михайловича, ярко и неожиданно засверкав на литературном небосклоне, моментально завоевал славу как автор искрометных афоризмов, метких эпиграмм, колких басен и смешных комедий. Ему по душе были жанры, способствующие исправлению нравов и обличению пороков, в то время как он сам являлся плоть от плоти того самого общества, которое нещадно бичевал... Козьма Прутков - это актуальная во все времена сатира на вечного бюрократа, на самодовольного поэта и бездарного философа-мудреца, позволяющая нам со стороны взглянуть на собственные недостатки, посмеяться над ними и в то же время серьезно задуматься...",7 200 тг,1,Олма Медиа Групп,2013 г.,9785373053525,304,Твердый,290 мм x 205 мм,25 мм,1050 г.,http://www.bookcity.kz/content/images/thumbs/5100134_1436902.jpeg
Крылов И. Басни,Крылов И.А.,"С произведениями великого баснописца знакомятся в раннем детстве уже многие поколения читателей и потом, возвращаясь к ним на протяжении всей жизни, перечитывают их с новым, всегда свежим наслаждением. Истинно народным поэтом считал Крылова Пушкин. ""Книгой мудрости самого народа"" называл басни Крылова Гоголь. ""Россия… будет радоваться и гордиться им, – писал П.А.Вяземский, – доколе будет процветать наш народный язык и драгоценно будет русскому народу русское слово"". В настоящем издании представлено полное собрание басен И.А.Крылов, а также его наиболее известные пьесы: ""Модная лавка"", ""Урок дочкам"".",1 500 тг,5,Азбука-Аттикус,2016 г.,978538911059505,384,Твердый,200 мм x 130 мм,28 мм,305 г.,http://www.bookcity.kz/content/images/thumbs/5084364_1423342.jpeg
Легенды и мифы великих городов мира,Лукин Е.В.,"Энциклопедия ОЛМА «Планета Земля» открывает познавательную серию для детей среднего школьного возраста. Книга помогает получить базовые знания по физической географии в пределах школьной программы, наглядно показывает явления и взаимосвязи окружающей нас природы. Может использоваться и как увлекательное чтение, и как наглядное пособие, и как справочник.",6 800 тг,1,Олма Медиа Групп,2015 г.,9785373075114,304,Твердый,290 мм x 205 мм,30 мм,1030 г.,http://www.bookcity.kz/content/images/thumbs/5127694_1460182.jpeg
Легенды и мифы Древней Греции,Кун Н.А.,"""Легенды и мифы Древней Греции"" Куна можно читать в любом возрасте. И совершенно неважно, насколько глубоко вы знакомы с древнегреческой мифологией, помните ли кто такой Одиссей, царь Эдип, Геракл, кто воевал в Троянской войне и что такое ""ящик Пандоры"". Кун все вам разъяснит, причем настолько увлекательно, что вы совершенно точно полюбите этот удивительный мир, населенный богами и обычными людьми. А без знания этих историй почти невозможно ориентироваться в мире искусства: влияние мифов было и есть настолько велико, что до сих пор мы не можем без них обойтись, мы постоянно цитируем их, ссылаемся на них, с самых ранних лет и до глубокой старости мифы учат нас мудрости и пониманию жизни.",1 600 тг,4,АСТ,2018 г.,9785171122065,320,Мягкий,1 мм,501 г.,Неизвестно,http://www.bookcity.kz/content/images/thumbs/5125439_1457974.jpeg
Легенды и мифы Древней Греции,Кун Н.А.,"Книга выдающегося специалиста по античной истории и литературе Н.А.Куна ""Легенды и мифы Древней Греции"" — одно из самых популярных, доступных и одновременно авторитетных изданий, которые знакомят нас с культурой античного мира. С момента своего появления в 1914 году книга выдержала множество переизданий: нескончаем читательский интерес к захватывающим и красочным историям о происхождении богов Олимпа, подвигах Геракла, приключениях аргонавтов, странствиях Одиссея, трагедии царя Эдипа и Троянской войне. Знание этих героев и сюжетов дает ключ к пониманию многих произведений искусства: поэзии, драматургии, живописи и музыки.",1 500 тг,5,Азбука-Аттикус,2014 г.,978538904902405,544,Твердый,200 мм x 130 мм,26 мм,384 г.,http://www.bookcity.kz/content/images/thumbs/5065307_1405429.jpeg
Легенды и мифы Древней Греции и Древнего Рима,Кун Н.А.,"""Легенды и мифы Древней Греции"" в изложении знаменитого исследователя античности Н.А.Куна уже давно стали классикой, без которой трудно представить себе детство или юность образованного человека. Данное издание подарит вам уникальную возможность познакомиться с работами Н.А.Куна в том виде, в каком они вышли в свет в 1914 г. ""для учениц и учеников старших классов средних учебных заведений, а также для всех тех, кто интересуется мифологией греков и римлян"". Под своим первоначальным названием ""Что рассказывали греки и римляне о своих богах и героях"" оно издавалось в 1922 г. и 1937 г. В 1940 г. Н.А. Кун, подписывая сигнальный вариант третьего издания книги, изменил название на ""Легенды и мифы Древней Греции"". В книгу вошли мифы о богах, героях и аргонавтах, Илиада и Одиссея, мифы об Агамемноне и Оресте и Фиванский цикл мифов.",7 600 тг,4,АСТ,2017 г.,9785170990276,496,Твердый,240 мм x 170 мм,32 мм,975 г.,http://www.bookcity.kz/content/images/thumbs/5095931_1433964.jpeg
Легенды и мифы Древней Греции и Древнего Рима,Кун Н.А.,"""Легенды и мифы Древней Греции"" в изложении знаменитого исследователя античности Н.А. Куна уже давно стали классикой, без которой трудно представить себе детство или юность образованного человека.Данное издание подарит вам уникальную возможность познакомиться с работами Н.А. Куна в том виде, в каком они вышли в свет в 1914 г. ""для учениц и учеников старших классов средних учебных заведений, а также для всех тех, кто интересуется мифологией греков и римлян"". Под своим первоначальным названием ""Что рассказывали греки и римляне о своих богах и героях"" оно издавалось в 1922 г. и 1937 г. В 1940 г. Н.А. Кун, подписывая сигнальный вариант третьего издания книги, изменил название на ""Легенды и мифы Древней Греции"".В книгу вошли мифы о богах, героях и аргонавтах, Илиада и Одиссея, мифы об Агамемноне и Оресте и Фиванский цикл мифов.",6 000 тг,5,АСТ,2017 г.,9785171047207,528,Твердый,290 мм x 205 мм,40 мм,1010 г.,http://www.bookcity.kz/content/images/thumbs/5111400_1443262.jpeg
Легенды и предания Европы,Бурова И.И.,"Перед вами увлекательные легенды и сказания средневековой Европы, повествующие о королях и рыцарях, феях и прекрасных дамах, героях и разбойниках, менестрелях и вампирах, которые стали основополагающими сюжетами многих произведений европейской литературы и вошли в золотой фонд мировой культуры. Великий воин Сид Кампеадор и злодей Синяя Борода, Ундина и отважная леди Годива, певец любви Тангейзер и кровавый граф Дракула, проказник Тиль Уленшпигель и рыцарь-оборотень Бисклавре - эти и многие другие герои предстанут перед вами в прекрасных сказочных историях. Но легенды и предания - это не просто чистый вымысел и плод народной фантазии. Все эти герои имели реальные прототипы (один или сразу несколько) и тем интереснее и загадочнее рассматривать их в историческом контексте. Ведь, как утверждают историки, В л ад Цепеш, он же граф Дракула, был крестоносцем и примерным христианином Синяя Борода - маршал Франции Жиль де Ре - сражался в Столетней войне под знаменами Жанны д'Арк а...",6 800 тг,0,Олма Медиа Групп,2015 г.,9785373076654,304,Твердый,290 мм x 205 мм,27 мм,985 г.,http://www.bookcity.kz/content/images/thumbs/5076333_1415421.jpeg
Лучшие афоризмы всех времен и народов,Неизвестно,"Меткие, остроумные и глубокомысленные изречения умнейших и талантливых людей актуальны во все времена и при любых правителях. В афоризмах, как в зеркале, отражаются эпохи, в которых жили и творили великие умы человечества, они - средоточие вечных ценностей и проблем. Вне зависимости от государственного строя, от эстетических канонов и моды, люди любили и ненавидели, дружили и предавали, верили и разочаровывались и, конечно же, задумывались о жизни и смерти. Одно столетие сменялось другим, менялся не только стиль изложения, но и отношение людей к тому или иному вопросу, однако острота основных духовных и нравственных проблем оставалась неизменной. Предлагаемое читателям собрание афоризмов - это путешествие сквозь века в компании с выдающимися людьми как далекого, так и недавнего прошлого. В книгу вошли самые лучшие и интересные афоризмы всех времен и народов.",8 600 тг,4,Олма Медиа Групп,2018 г.,9785001112303,270 мм x 210 мм,21 мм,925 г.,Неизвестно,Неизвестно,http://www.bookcity.kz/content/images/thumbs/5117340_1450265.jpeg
Лучшие мысли и изречения древних в одном томе,Душенко К.В.,"В этой книге собраны лучшие прозаические изречения древних мыслителей, писателей, ораторов и богословов. Все они приводятся с указанием источника. подробный указатель позволяет найти высказывания на самые разные темы - от ""Ада"" до ""Ямба"".",6 300 тг,1,Эксмо,2015 г.,9785699830909,736,Твердый,215 мм x 145 мм,39 мм,815 г.,http://www.bookcity.kz/content/images/thumbs/5077615_1416898.jpeg
Лучшие пословицы народов мира. / сост. Кожевников.,Кожевников А.Ю.,"Пословицы различных народов мира веками сохраняют для нас жемчужины народной мудрости. С течением времени неизбежно изменяется уклад жизни, становятся иными представления о природе и мире. Однако краткость, выразительность и поэтичность народных пословиц до сих пор сохраняет свою убедительность и, в определенном смысле, актуальность. Сравнивая пословицы, созданные в разных концах света, можно обнаружить удивительные совпадения во взглядах людей, проживающих далеко друг от друга, или же, напротив, найти непримиримые противоречия в суждениях соседствующих народов. Пословицы, таким образом, отражают все многообразие жизненного опыта человечества. Значение пословиц в нашей жизни остается прежним: это подсказка на перепутье, утешение в беде, напоминание о том, о чем нельзя забывать.",7 500 тг,3,Олма Медиа Групп,2018 г.,9785001112181,Твердый,18 мм,Неизвестно,Неизвестно,Неизвестно,http://www.bookcity.kz/content/images/thumbs/5115817_1448795.jpeg
Лучшие притчи мира. / сост. Кожевников.,Неизвестно,"Притча - один из ключевых и известных жанров мирового фольклора. В кратком увлекательном повествовании содержатся религиозные или нравственные поучения, жемчужины народной мудрости - ведь притчи представлены в фольклоре практически всех народов нашей планеты. Зародившись и обретя популярность еще в глубокой древности, притчи не утратили актуальности и до наших дней и давно уже заняли особое место не только в народном творчестве, но и в художественной литературе. К этому жанру обращались Ф. М. Достоевский, Л. Н. Толстой, Ф. Кафка, Б. Брехт, А. Камю, X. Л. Борхес и многие другие. В сборник вошли самые известные и занимательные притчи разных времен и наций. Книга адресована всем, кто любит или только решил познакомиться с этим удивительным жанром.",7 500 тг,3,Олма Медиа Групп,2018 г.,9785001112143,Твердый,20 мм,Неизвестно,Неизвестно,Неизвестно,http://www.bookcity.kz/content/images/thumbs/5115828_1448806.jpeg
Любовь коротко,Жванецкий М.М.,"Сколько людей ответят вам - нет ее, столько же скажут - она существует! Она существует и имеет свой облик, бледный с горящим взором и букетиком или кастрюлькой в рунах. Пути ее неисповедимы. Она сильна, как смерть. Кто-то когда-то обозначил это удивительное состояние словом ""любовь"". Уважать человека - одно, а любить его - совсем третье. Любить, как любят ребенка. Получать от него загадочные токи, тревожиться о нем за тридевять земель. Видим глазами, слышим ушами, а любим сердцем. И даже абсолютно здоровые люди, попадая в эту ситуацию, сразу ощущают, где оно находится... Всем сердцем любя!",2 900 тг,5,Эксмо,2017 г.,9785699569366,176,Твердый,165 мм x 107 мм,17 мм,194 г.,http://www.bookcity.kz/content/images/thumbs/5057765_1387733.jpeg
Любовь не имеет границ,"Кожевников А.Ю., Линдберг Т.Б. ","Любовь была и остается не только самым ярким из человеческих чувств, но и одной из основных тем в мировой культуре и искусстве. Во все времена писатели и поэты, художники и скульпторы, музыканты и актеры пытались выразить это высокое и загадочное чувство в своих произведениях. В этом сборнике собрано все лучшее о любви - самые романтические определения, сентиментальные откровения классиков, безумные признания знаменитостей, близкие сердцу стихотворные строки, а также звучные афоризмы и крылатые фразы.",7 600 тг,4,Олма Медиа Групп,2015 г.,9785373050302,304,Твердый,290 мм x 205 мм,25 мм,1063 г.,http://www.bookcity.kz/content/images/thumbs/5100220_1436981.jpeg
Метаморфозы или Золотой осел,Апулей,"Еще Александр Пушкин ""читал охотно Апулея, а Цицерона не читал"", и не случайно. Книга, написанная в жанре авантюрно-фантастического романа, увлекает читателя мистическими превращениями, страшными сказочными историями. Главный герой случайно превращается в осла. Чтобы снова стать человеком, ему нужны волшебные лепестки розы, но на пути к спасительному цветку его ждут удивительные приключения.",2 500 тг,0,Вече,2017 г.,9785444450536,352,Твердый,200 мм x 130 мм,20 мм,365 г.,http://www.bookcity.kz/content/images/thumbs/5096273_1434067.jpeg
Мифы викингов,Первухин В.Я.,"Эта книга, соединяющая увлекательность с безупречной научной точностью, знакомит читателей с картиной мира викингов - скандинавов-язычников, отважных воинов, которые устрашали Европу в IX - первой половине XI в. Их мифологические представления отразились в памятниках литературы, оказавших огромное влияние на всю мировую культуру: Старшей и Младшей Эдде, исландских сагах, а также в памятниках древнего изобразительного искусства и религиозного культа, открытых археологами. Неистовый Один, силач Тор, хитроумный Локи, Мировой Змей Ёрмунганд. грозящий богам гибелью, воинственные девы валькирии - вот лишь немногие персонажи этой книги.Ее автор - Владимир Яковлевич Петрухин, доктор исторических наук, профессор, ведущий научный сотрудник Института славяноведения РАН, член Археологической комиссии древностей, известный специалист по фольклору и мифологии.",8 400 тг,3,Олма,2018 г.,9785001112952,Твердый,260 мм x 210 мм,21 мм,900 г.,Неизвестно,http://www.bookcity.kz/content/images/thumbs/5122186_1454935.jpeg
Мифы Древней Греции,Кун Н.А.,"Зевс-громовержец и покровительница богов Гера, колебатель земли Посейдон и его супруга Амфитрита, предводитель муз Аполлон, охотница Артемида, мудрая воительница Афина, вечно юная Афродита, лукавый Гермес и умелец-Гефест, а также другие божества и великие герои Эллады словно оживают на страницах бессмертной книги Н. А. Куна. Сотворение мира, рождение богов, их сражения с титанами и жизнь на Олимпе, подвиги Персея, Геракла и Тесея предстают перед читателем в более чем 600 иллюстрациях - как классических, так и современных художников.",7 600 тг,5,Олма Медиа Групп,2017 г.,9785090454094,304,Твердый,25 мм,1025 г.,Неизвестно,http://www.bookcity.kz/content/images/thumbs/5120299_1453099.jpeg
Мифы древней Индии,Неизвестно,"В этой книге собраны рассказы обо всех важнейших богах индийского пантеона: прародителе Брахме, воинственном Индре, многоликом Вишну, разрушителе Шиве, всеведущем Варуне, владыке царства мертвых Яме, покровительнице искусств Сарасвати, богине удачи и процветания Лакшми, многорукой Парвати, а также других божествах, великих героях и мудрецах индийской мифологии. Сотворение мира, рождение богов, их сражения и увлекательные истории из их жизни предстают перед читателем в более чем 500 иллюстрациях - как классических, так и современных художников.",8 000 тг,3,Олма Медиа Групп,2018 г.,9785001113089,256,Твердый,25 мм,935 г.,Неизвестно,http://www.bookcity.kz/content/images/thumbs/5115818_1448796.jpeg
"Михаил Задорнов. Шеф, гуру, незвезда...",Дроботенко С.А.,"К 70-летию Михаила Задорнова! Книга написана учеником великого юмориста Сергеем Дроботенко. В ней автор вспоминает множество интересных фактов из жизни Задорнова, неизвестных широкой публике ранее. Книга иллюстрирована эксклюзивными фотографиями из личного архива Задорнова и Дроботенко.Здесь много смешного. Иногда гомерически смешного. Ведь, когда комик пишет о комике, по-другому и быть не может. «Я хорошо помню этот день… Меня держали за пятку головой вниз, мне стало дико смешно…»                                                                                                  Михаил ЗадорновЯ бы сразу хотел пояснить, зачем написал эту книгу. Михаил Задорнов…   И вот уже рука потянулась написать слово «был», но нет, еще прошло не так много времени с момента его ухода, и всё моё нутро страшно противится этому глаголу, поскольку принимать это разумом не хочется. Михаил Николаевич – человек незаурядный и для всех разный. Я рассказал о «своём» Задорнове со всеми его чудачествами, увлечениями, с искромётными остротами и детскими обидами, с глубокой жизненной философией и со смешными капризами…  Здесь много смешного. Иногда гомерически смешного. Ведь, когда комик пишет о комике, по-другому и быть не может. Но будет и комок в горле. Поскольку в свете известных событий даже самые потешные эпизоды все равно будут восприниматься в ореоле светлой грусти. Я уверен, что многие из вас просто заново откроют для себя этого блестящего артиста, автора и человека, неординарного во всём.                                                                                               Сергей Дроботенко",3 400 тг,2,Эксмо,2018 г.,9785040944668,288,Твердый,200 мм x 130 мм,20 мм,365 г.,http://www.bookcity.kz/content/images/thumbs/5120938_1453746.jpeg
Московское гостеприимство,Аверченко А.Т.,"В сборник прославленного писателя-сатирика Аркадия Аверченко вошли рассказы разных лет, представляющие читателю уникальный калейдоскоп комических ситуаций, от всевозможных забавных бытовых сценок до хлесткой политической сатиры. Наивность и бескорыстие, невинные хитрости, мягкий юмор в рассказах о детях, ужас и негодование, абсурд, эксцентрика в рассказах послереволюционных, жизнерадостный задорный смех и желчный сарказм — вся палитра комического подвластна перу Аверченко, этого ""рыцаря улыбки"", ""русского Марка Твена"", ""короля смеха""...",1 300 тг,1,Азбука-Аттикус,2014 г.,9785389071247,416,Твердый,200 мм x 130 мм,28 мм,320 г.,http://www.bookcity.kz/content/images/thumbs/5063816_1404213.jpeg
Мудрость великих правителей,Сост. Корешкин И.А.,"В книге собраны лучшие афоризмы, цитаты и высказывания самых известных и знаменитых правителей с древнейших времен до XX века - от царя Соломона и властелинов Древнего Рима до последних российских императоров и советских вождей.",8 400 тг,0,Олма Медиа Групп,2018 г.,9785001112754,Твердый,20 мм,Неизвестно,Неизвестно,Неизвестно,http://www.bookcity.kz/content/images/thumbs/5133673_1465649.jpeg
Мудрость тысячелетий,Неизвестно,"В книгу ""Мудрость тысячелетий"" вошли лучшие изречения, афоризмы, высказывания, цитаты, принадлежащие выдающимся мыслителям, философам, писателям, поэтам, государственным и религиозным деятелям прошлого. О каждом авторе приводится краткая справочная информация, дающая представление о его роли в развитии мировой общественной мысли. В сборнике собраны жемчужины мудрости огромного периода человеческой истории: от XII века до нашей эры и до XIX века нашей эры. Материал распределен по эпохам и странам. В афоризмах отражаются представления о главных культурных и нравственных ценностях человеческой культуры и цивилизации. Книга адресована всем, кто интересуется историей философии, науки, литературы. Читателей ждет увлекательное и поучительное путешествие сквозь века вместе с самыми выдающимися людьми всех времен и народов.",8 400 тг,4,Олма Медиа Групп,2017 г.,9785001111030,256,Твердый,290 мм x 205 мм,25 мм,925 г.,http://www.bookcity.kz/content/images/thumbs/5117339_1450264.jpeg
"Мужчины о женщинах, женщины о мужчинах",Неизвестно,"Женщина в глазах мужчины - это вечная загадка, предмет его страсти и поклонения, а иногда - презрения и ненависти, тема для бесконечных споров и обсуждений. Но и представительницы прекрасного пола всегда были не прочь поговорить о мужчинах и обо всем, с ними связанном. Мужское непостоянство и лень, любовь и измены, мужская отвага и ум, пороки и достоинства - ничто не укрылось от зоркого женского взгляда. В сборнике изречений и афоризмов, иллюстрированном произведениями русской и мировой живописи, представлены высказывания знаменитых мужчин и женщин разных эпох и народов друг о друге - иногда их слова звучат в унисон, но чаще вступают между собой в противоречие...",7 600 тг,3,Олма Медиа Групп,2017 г.,9785090471930,304,Твердый,290 мм x 205 мм,24 мм,1015 г.,http://www.bookcity.kz/content/images/thumbs/5098791_1436732.jpeg
Настольный словарь цитат,Душенко К.В.,"В книге собрано около 3750 известных цитат и крылатых слов, прежде всего тех, которые активно используются в наше время.",3 900 тг,5,Азбука-Аттикус,2018 г.,9785389132634,624,Твердый,28 мм,32 г.,Неизвестно,http://www.bookcity.kz/content/images/thumbs/5118852_1451729.jpeg
Непричесанные мысли,Лец С.Е.,"Станислав Ежи Лец - польский писатель и философ, чьи сатирические сентенции давно уже получили всемирную известность. ""Непричесанные мысли"", опубликованные в Польше в 1957 году, уже в 60-е годы появились в переводах в США, Англии, ФРГ, Швейцарии, Италии и долгое время возглавляли списки бестселлеров. После смерти Леца в 1996 году вышли ""Непричесанные мысли, прочитанные в блокнотах и на салфетках тридцать лет спустя"". Обе книги вошли в предлагаемый читателю сборник. Мир гениального пересмешника, а именно так переводится с идиша ""лец"", - жестокий театр марионеток: здесь властвуют лжесвобода, глупость и преступление. И единственная защита от этой мировой глупости и пошлости - смех. Всем тем, кто не чужд парадоксальному взгляду на мир и старается мыслить свободно и независимо, рекомендуется к обязательному прочтению.",4 300 тг,1,Рипол Классик,2017 г.,9785386096663,512,Мягкий,29 мм,460 г.,Неизвестно,http://www.bookcity.kz/content/images/thumbs/5107094_1435412.jpeg
Одесский телефон,Жванецкий М.М.,"…С 1983 года я в Москве. Так и живу: закончил Одессу, поступил в Ленинград, закончил Ленинград, поступил в Москву, где и учусь уже всю жизнь. Когда сейчас получаю записки: ""Расскажите, как вы жили?"" - удивляюсь. Жил неплохо. Человек вообще не знает, как он живет, пока не узнает от других. Я и не знал, что можно печататься в газетах, в журналах, выпускать книги, выступать по телевидению, что-то узнавать из собственных ответов. Я немного жил, немного писал, немного читал, кто-то начал записывать, кто-то - переписывать. Ну и что? И когда мне говорят: ""Неужели вы не понимаете?"" - я думаю, думаю и не понимаю…",2 200 тг,4,Эксмо,2014 г.,9785699743360,416,Твердый,200 мм x 145 мм,34 мм,490 г.,http://www.bookcity.kz/content/images/thumbs/5066505_1406404.jpeg
Одиссея,Гомер,"Поэма ""Одиссея"", созданная гением легендарного эпического поэта Древней Греции Гомера, - одно из величайших произведений мировой литературы. все новых читателей, вдохновляет поэтов и художников.",1 400 тг,5,Азбука-Аттикус,2015 г.,9785389057319,480,Твердый,200 мм x 130 мм,35 мм,361 г.,http://www.bookcity.kz/content/images/thumbs/5056461_1398313.jpeg
Остроумие мира,Неизвестно,"""Юмор учит терпимости"", - заметил однажды английский писатель Сомерсет Моэм. И действительно, ироническое отношение к чему-либо не оставляет места досаде или гневу, пробуждает снисходительность к чужим недостаткам или слабостям. Смех лечит и дает успокоение. Это хорошо понимали люди во все времена, поэтому остроумие всегда считалось свойством мудрого человека.В этой книге собраны короткие истории из жизни правителей и полководцев, ученых и писателей, актеров и шутов. Они складываются в своеобразную энциклопедию юмора, охватывающую все эпохи, начиная от древних Греции и Рима и кончая XX веком.",8 000 тг,5,Олма Медиа Групп,2018 г.,9785001111054,256,Твердый,290 мм x 205 мм,20 мм,915 г.,http://www.bookcity.kz/content/images/thumbs/5115813_1448791.jpeg
Подлинные рассказы из жизни Ходжи Насреддина,Неизвестно,"Собрание анекдотов из жизни Ходжи Насреддина, рассказы о знаменитом шутнике и мудреце Бирбале и поучительные истории из ""Сказок тысячи и одной ночи"". Книга проиллюстрирована произведениями восточной живописи.",14 300 тг,2,Олма Медиа Групп,2014 г.,9785373062527,448,Твердый,340 мм x 245 мм,36 мм,2175 г.,http://www.bookcity.kz/content/images/thumbs/5059810_1400702.jpeg
Притчи и байки советской эпохи,"Раневская Ф.Г., Никулин Ю.В.,","Что объединяет этих, казалось бы, разных творческих личностей: Георгия Милляра, Леонида Филатова, Рину Зеленую, Фаину Раневскую, Юрия Никулина, Инну Макарову, Илью Ильфа и Евгения Петрова? Остроумие - вот, пожалуй, главная черта, которая им присуща. Тонко подмечать веяния времени, чутко чувствовать суть человека, точно обозначать явления, происходящие в обществе, и ярко, метко, емко излагать свои мысли - такими качествами могут обладать только очень талантливые люди, настоящие гении. Так давайте читать воспоминания, произведения, цитаты и афоризмы, собранные в этой книге, - и смеяться. Даже если смех будет сквозь слезы.",4 600 тг,2,АСТ,2017 г.,9785171013257,480,Твердый,215 мм x 145 мм,23 мм,510 г.,http://www.bookcity.kz/content/images/thumbs/5100151_1436918.jpeg
Пророк,Джебран К.Д.,"""Пророк"", без преувеличения, - величайшее сокровище литературы и духа всех времен и народов. Джебран совершил невозможное - он сумел перевести на человеческий язык несколько фрагментов неведомого. Он возвысил человеческое сознание как никогда и никто другой. Как будто все мистики, все поэты, все человеческие души благодаря Калилу Джебрану взялись за руки и стали едины.",10 600 тг,1,София,2013 г.,9785399004754,128,Твердый,290 мм x 205 мм,14 мм,621 г.,http://www.bookcity.kz/content/images/thumbs/5025129_1349334.jpeg
Пророк,Джибран Х.,"Халил Джибран — выдающийся ливанский и американский писатель, художник, философ и поэт, автор удивительной книги «Пророк», благодаря которой он стал самым популярным арабским писателем в мире.
Это короткое и вместе с тем масштабное произведение, созданное в виде притчи, охватывает все важнейшие формы жизни человека и находит путь к сердцу каждого читателя, независимо от возраста, национальности или вероисповедания. Создав замечательной красоты поэтический эпос о проповедях Альмустафы, пророка Нового времени, призывающего людей к обретению духовной свободы и высшей гармонии, Халил Джибран обеспечил себе литературное бессмертие и славу одного из величайших эзотерических авторов двадцатого века.",4 200 тг,4,КоЛибри,2018 г.,9785389155749,Твердый,23 мм,Неизвестно,Неизвестно,Неизвестно,http://www.bookcity.kz/content/images/thumbs/5128905_1461373.jpeg
Прямая речь. Мысли великих о русском языке. Бакун Д.Н.,Бакун Д.Н.,"Издание является своеобразной хрестоматией, впервые объединившей в одном издании наиболее актуальные высказывания и цитаты о русском языке и родной речи известных писателей, знаменитые и малоизвестные стихотворения русских поэтов, фрагменты из научных, научно-популярных трудов и учебных пособий отечественных ученых и педагогов. Читатель сможет заново, нестандартно и увлекательно ознакомиться с таким многогранным явлением, каким являлся и является Русский язык - родной для Ломоносова, Пушкина, Достоевского и Льва Толстого. Для широкого круга читателей, в первую очередь тех, кто интересуется историей русского языка и культуры.",2 900 тг,0,Грифон,2007 г.,9785853025110,432,Твердый,240 мм x 170 мм,23 мм,676 г.,http://www.bookcity.kz/content/images/thumbs/5008969_1329302.jpeg
Пушкин,Пушкин А.С.,"В данной книге собраны афоризмы и цитаты из творческого наследия любимого многими поколениями читателей поэта - Александра Сергеевича Пушкина. В приводимых цитатах, как в зеркале, отразился бесконечно интересный внутренний мир поэта,",1 300 тг,3,Планета Книг,2015 г.,9785000420072,128,Твердый,140 мм x 107 мм,10 мм,95 г.,http://www.bookcity.kz/content/images/thumbs/5061397_1401928.jpeg
Русская демонология. Сказания о земле русской,Неизвестно,"Эта книга - сборник произведений о нашей замечательной земле русской, земле древней и великой… Каждое из включенных в сборник произведений имеет самостоятельное литературно-художественное значение. Но в целом оно представляет собой частицу того удивительного мира, который мы называем литературой Древней Руси.",2 000 тг,3,АСТ,2006 г.,9785170352975,256,Твердый,215 мм x 170 мм,33 мм,650 г.,http://www.bookcity.kz/content/images/thumbs/5009218_1331401.jpeg
Русские - это взрыв мозга!,Задорнов М.,"Рамки эстрадного жанра слишком узки для такого таланта, как Михаил Задорнов. Жизнь настолько многомерна, что не вмещается в ёмко и предельно ясно выстроенные фразы, которые сатирик произносит со сцены так, чтобы зрителю было легко услышать, понять, рассмеяться и запомнить… Михаилу Николаевичу хотелось высказать многое, о чём думается порой совсем невесело, - в форме весёлых вещей, которые могут быть прочитаны и услышаны так же многопланово, как и наша жизнь. Поэтому он и взялся писать пьесы. В сборник вошли три пьесы: две из них, комедия в двух действиях ""­Последняя попытка, или Хочу вашего мужа"" и реалистическая фантасмагория ""Кофточка"", написаны более двадцати лет назад, а вот первая пьеса в сборнике - ""Однажды в Африке, или Любовь со взрывом мозга"" - совсем недавно, весной 2014 года. Как и все произведения автора, пьесы полны личных наблюдений, тонкого юмора, острой сатиры, а порой и светлой грусти… Любой человек становится режиссёром, взявшись читать пьесу. Не станем...",3 400 тг,0,Центрполиграф,2016 г.,9785227068804,256,Твердый,200 мм x 130 мм,16 мм,305 г.,http://www.bookcity.kz/content/images/thumbs/5103534_1439991.jpeg
Русские - это взрыв мозга!,Задорнов М.,"Рамки эстрадного жанра слишком узки для такого таланта, как Михаил Задорнов. Жизнь настолько многомерна, что не вмещается в ёмко и предельно ясно выстроенные фразы, которые сатирик произносит со сцены так, чтобы зрителю было легко услышать, понять, рассмеяться и запомнить…Михаилу Николаевичу хотелось высказать многое, о чём думается порой совсем невесело, - в форме весёлых вещей, которые могут быть прочитаны и услышаны так же многопланово, как и наша жизнь. Поэтому он и взялся писать пьесы. В сборник вошли три пьесы: две из них, комедия в двух действиях ""­Последняя попытка, или Хочу вашего мужа"" и реалистическая фантасмагория ""Кофточка"", написаны более двадцати лет назад, а вот первая пьеса в сборнике - ""Однажды в Африке, или Любовь со взрывом мозга"" - совсем недавно, весной 2014 года.Как и все произведения автора, пьесы полны личных наблюдений, тонкого юмора, острой сатиры, а порой и светлой грусти…Любой человек становится режиссёром, взявшись читать пьесу. Не станем более вмешиваться в это таинство, - какими они станут в вашем воображении, зависит теперь только от вас…",3 500 тг,0,Центрполиграф,2018 г.,9785227080554,255,Твердый,210 мм x 140 мм,18 мм,320 г.,http://www.bookcity.kz/content/images/thumbs/5116015_1448970.jpeg
Русские богатыри: лучшие былины русского народа,Сост. Кузьмин В.В.,"Исторические памятники - предания, сказания, летописи - это те остатки, по которым мы знакомимся с былою судьбой, они нам рисуют русский народ в его раннем возрасте, они нам дают понятия о том, каков он был прежде.В богатырях мы видим, что наш народ любил и что он ненавидел, мы видим его самого с его хорошими и дурными качествами.…Читая былины, мы не должны представлять себе богатырей настоящими, жившими когда-то людьми, а должны видеть в них олицетворение целой эпохи народной жизни, черты народного творчества, уцелевшие и дошедшие до нас в том виде, как создал их народ.Составитель: Кузьмин В.В.",6 800 тг,0,Олма Медиа Групп,2017 г.,9785090454070,304,Твердый,25 мм,1030 г.,Неизвестно,http://www.bookcity.kz/content/images/thumbs/5127639_1460132.jpeg
Сами мы местные. Жена Коклюшкина пишет рассказы,Злотник Э.,"""Жена Коклюшкина пишет рассказы"" - третья книга Эльги Злотник. Ее рассказы отличают наблюдательность, тонкая ирония. В них нет фальши и цинизма, а есть уютная атмосфера доброжелательности.  Отличительная черта автора - увидеть в простом явлении важное, и ненавязчиво с улыбкой рассказать об этом читателю.",1 900 тг,0,АСТ,2010 г.,9785170686049,256,Твердый,207 мм x 134 мм,15 мм,288 г.,http://www.bookcity.kz/content/images/thumbs/5033807_1355873.jpeg
Самые остроумные афоризмы и цитаты. Великие женщины истории,Мишаненкова Екатерина Александ,"Эта книга - сокровищница, тайная шкатулка женской мудрости, остроумия, язвительности и великодушия. Здесь собраны цитаты и афоризмы самых известных женщин Истории. Это книга, с помощью которой можно прочувствовать целые эпохи, избавиться от несчастной любви, посмеяться и даже погадать! Откройте книгу на любой странице, выберете строку и узнайте, что ждет вас дальше.",600 тг,0,АСТ,2012 г.,9785271457272,160,Твердый,200 мм x 130 мм,15 мм,215 г.,http://www.bookcity.kz/content/images/thumbs/5088433_1426973.jpeg
Самые остроумные афоризмы и цитаты. Козьма Прутков,Прутков К.,"Козьма Прутков - это коллективный псевдоним весьма остроумных юношей - братьев Жемчужниковых и графа Алексея К., которые отвешивали звонкие пощечины и оплеухи общественному вкусу 19 века, высказывая совершенно немыслимые для той эпохи афоризмы, сочиняя издевательские пародии и эпиграммы. В этой книге собрано лучшее, что было создано знаменитым Козьмой.",1 600 тг,3,АСТ,2013 г.,9785170774593,160,Твердый,200 мм x 130 мм,15 мм,235 г.,http://www.bookcity.kz/content/images/thumbs/5088307_1426849.jpeg
Сказки и легенды народов России,Неизвестно,"В данном издании собраны лучшие сказки и легенды многочисленных народов России, дополненные справочной информацией о каждом народе - его месте проживания, численности, истории, вероисповедании, особенностях быта, фольклоре, известных людях. Замечательные образцы народного творчества карелов, ненцев, чукчей, эскимосов, якутов, бурят, татар, башкир, чувашей, чеченцев, адыгов и многих других раскрывают перед читателями сокровищницу несметного сказочного богатства, которой обладают народы нашей страны. Тексты сказок и легенд даны в литературной обработке петербургского писателя и историка Евгения Лукина. Книга служит идее толерантного общения, представляя Россию как единую, многообразную страну, где живут десятки талантливых народов и народностей.",8 400 тг,5,Олма Медиа Групп,2019 г.,9785001114826,Твердый,15 мм,Неизвестно,Неизвестно,Неизвестно,http://www.bookcity.kz/content/images/thumbs/5133671_1465647.jpeg
Славян. Мифы и предания,Артемов В.В.,"Книга Владислава Артемова - современного поэта, прозаика и публициста - позволяет окунуться в чарующий мир славянских мифов и преданий о возникновении вселенной и создании человека, в атмосферу героического эпоса и сказочной, былинной географии древних славян, ""побывать"" на Буян-острове и в граде Китеже, на Калинове мосте и реке Смородине. Читателям предстанут славянские боги и божки - от громовержца Перуна до дарителя тепла и плодородия Даждьбога - и удивительные персонажи демонического мира: Банник и Упырь, Леший, Нежить и Русалки, Морок и прочие. Мифы и предания, представленные Владиславом Артемовым в этом красочном издании, богато иллюстрированы произведениями живописи великих художников мира.",7 600 тг,1,Рипол,2017 г.,9785090454155,304,Твердый,25 мм,1025 г.,Неизвестно,http://www.bookcity.kz/content/images/thumbs/5127616_1460109.jpeg
"Сокровища мировой мудрости: теории, практики, советы",Неизвестно,"Перед вами книга-афоризм, книга-конспект, книга-анонс, книга-концентрат, книга-twitter, книга-реферат, книга-компас, книга-справочник, настольная книга-манифест о новейших и самых древних и надежных принципах жизни, почерпнутых из сокровищницы мировой мудрости. Это книга о практической философии, о глубинных, фундаментальных, но очень простых и действенных принципах, которые лежат в самой основе нашего процветания, устойчивого развития, истинного успеха, гармонии и счастья. Материалы, содержащиеся в книге - жемчужины мудрости, проверенные временем. Они воодушевляют, вдохновляют, мотивируют, толкают на переосмысление многих устоявшихся взглядов, напоминают о великих, но забытых истинах, активизируют внутреннее и внешнее преображение и позитивные изменения в жизни, творчестве, карьере и бизнесе. Материалы, содержащиеся в книге - жемчужины мудрости, проверенные временем. Они воодушевляют, вдохновляют, мотивируют, толкают на переосмысление многих устоявшихся взглядов,...",7 600 тг,0,Эксмо,2013 г.,9785699594252,768,200 мм x 130 мм,73 мм,915 г.,Неизвестно,http://www.bookcity.kz/content/images/thumbs/5094960_1432969.jpeg
Сокровища Нибелунгов,"Балобанова Е., Петерсон О.","""Песнь о Нибелунгах"" относится к тем литературным произведениям, которые словно растворены в европейской культуре. Воинская доблесть, истинная любовь, вероломное предательство, неумолимость рока и неизбежность возмездия - мотивы, легшие в основу этой величественной драмы, по сей день вдохновляют литераторов, художников и композиторов. Эпическая поэма, созданная в начале XIII века неизвестным австрийским автором, вобрала в себя многочисленные переплетающиеся сюжеты и образы, которые в течение нескольких столетий кочевали по литературному пространству средневековой Европы. В эту книгу вошли также пересказы произведений, непосредственно примыкающих к ""Песни о Нибелунгах"", - поэмы ""Песнь о Гудруне"", которую Вильгельм Гримм называл немецкой ""Одиссеей"", и сказаний о Дитрихе Бернском. Завершает сборник прозаическое переложение единственного сохранившегося крупного памятника англосаксонского эпоса - поэмы ""Беовульф"". Иллюстрации и уникальные элементы оформления в этой книге выполнены...",6 500 тг,0,Азбука-Аттикус,2015 г.,978538909259401,336,Твердый,260 мм x 170 мм,30 мм,935 г.,http://www.bookcity.kz/content/images/thumbs/5079501_1418327.jpeg
Судьба играет человеком,Инин А.,"""Я написал 32 книги юмора и 47 кинокомедий. Среди них ""Однажды двадцать лет спустя"", ""Одиноким предоставляется общежитие"", ""Отцы и деды"", ""Тонкая штучка"", ""На Дерибасовской хорошая погода, или На Брайтон-Бич опять идут дожди""… Кое-что из написанного вошло в эту книгу. А кое-что, я надеюсь, войдет в книгу следующую.""",6 400 тг,4,Эксмо,2018 г.,9785040934911,864,Твердый,40 мм,945 г.,Неизвестно,http://www.bookcity.kz/content/images/thumbs/5118731_1451605.jpeg
"Так говорил Медведев: о себе, о чиновниках, о будущем",Неизвестно,"Без неплохого чувства юмора, третий президент России едва ли смог бы пережить свое неожиданное головокружительное возвышение - и сохранить человеческий облик. Бывает, зазвучит почти как Путин, но тут же смягчает это впечатление. В этом сборнике - 77 самых характерных и сочных высказываний Дмитрия Медведева, с любовью проиллюстрированные художником Георгием Мурышкиным. Для широкого круга читателей.",1 500 тг,2,Эксмо,2011 г.,9785699488230,184,Твердый,20 мм,300 г.,Неизвестно,http://www.bookcity.kz/content/images/thumbs/5048348_1370390.jpeg
Троянская война и другие сказания эллинов. Мифы народов мира,Кун Н.А.,"Имена героев этой книги, многие ее эпизоды настолько вошли в ткань мировой культуры, что многие люди, говоря о золотом руне, яблоке раздора, ахиллесовой пяте, троянском коне или пении сирен, даже не отдают себе отчета в том, что все это - образы сказаний древней Эллады.   В издании, являющемся продолжением книги Н.А.Куна ""Мифы Древней Греции"", на основе памятников древнегреческой литературы популярно изложены самые важные эпические сказания, объединенные в циклы. Первый цикл - ""Аргонавты"" - посвящен истории похищения героем Ясоном золотого руна. Второй, и самый обширный, ""Троянский цикл"" повествует о похищении Прекрасной Елены и случившейся из-за этого Троянской войне. В третьем цикле - ""Одиссея"" - изложены приключения героя во время путешествия из-под Трои на родную Итаку. В четвертом - ""Агамемнон и сын его Орест"" - рассказано о коварном убийстве вождя похода под Трою Агамемнона, горе его сына Ореста и его мести за отца. Последний - ""Фиванский цикл"" - поведает о трагедии Эдипа и его дочерей.   Издание проиллюстрировано произведениями изобразительного искусства от античных времен до наших дней.",6 800 тг,0,Рипол,2015 г.,9785373076234,304,Твердый,290 мм x 205 мм,25 мм,1015 г.,http://www.bookcity.kz/content/images/thumbs/5127715_1460203.jpeg
Тысяча и одна ночь,Неизвестно,"Среди памятников мировой литературы очень мало таких, которые могли бы сравниться по популярности со сказками ""Тысячи и одной ночи"", завоевавшими любовь читателей не только на Востоке, но и на Западе. Трогательные повести о романтических влюбленных, увлекательные рассказы о героических путешествиях, забавные повествования о хитростях коварных жен и мести обманутых мужей, сказки о джиннах, коврах-самолетах, волшебных светильниках, сказки, зачастую лишенные налета скромности, служили для развлечения не одного поколения взрослых.",1 400 тг,4,Азбука-Аттикус,2014 г.,978538905517908,544,Твердый,200 мм x 130 мм,23 мм,383 г.,http://www.bookcity.kz/content/images/thumbs/5024600_1391973.jpeg
Тысяча и одна ночь. Волшебные сказки о любви.,Неизвестно,"Перед вами волшебные сказки о любви из знаменитого восточного собрания ""Тысяча и одна ночь"". Европейцам эти шедевры арабской и персидской литературы известныс конца XVIII века, но в окончательном виде они сложились к XV веку как своеобразный фольклорный эпос времен блистательного расцвета средневековой мусульманскойцивилизации. Тема любви занимает особое место в этом эпосе. Изысканные и причудливые приключения влюбленных, преодолевающих на своем пути все преградыи козни злодеев, увлекают читателей мечтой о волшебной, восхитительной любви, маня надеждой превратить жизнь в чудесную сказку. В нашем издании тексты даны на основефранцузских переводов Ж.-Ш. Мардруса.Книга проиллюстрирована произведениями мировой живописи, персидскими и индийскими миниатюрами, а также гравюрами из немецких и французских изданий XIX века.",7 400 тг,1,Олма Медиа Групп,2018 г.,9785001112600,Твердый,260 мм x 210 мм,20 мм,920 г.,Неизвестно,http://www.bookcity.kz/content/images/thumbs/5115864_1448842.jpeg
Ходжа Насреддин: анекдоты и сатирические миниатюры в стихах,Кая М.,Неизвестно,2 500 тг,0,Фолиант,2019 г.,9786013382319,Твердый,10 мм,Неизвестно,Неизвестно,Неизвестно,http://www.bookcity.kz/content/images/thumbs/5132087_1464441.jpeg
Цитаты из русской литературы. Справочник: 5500 цитат от «Слова о полку...» до Пелевина,Душенко К.В.,"Книга представляет собой обширный свод русских литературных цитат с точными ссылками на источник, сведениями о цитатах-предшественницах, цитатных перекличках, перефразировках и т. д. В III издании представлено около 5500 цитат почти пятисот авторов. Помимо широко известных цитат включались высказывания, часто цитируемые в специальной литературе, а также цитаты, которые прежде были крылатыми и нередко встречаются в письменных текстах определенной эпохи. Справочник снабжен удобным поисковым аппаратом.",8 100 тг,0,Азбука-Аттикус,2018 г.,9785389144576,Твердый,35 мм,Неизвестно,Неизвестно,Неизвестно,http://www.bookcity.kz/content/images/thumbs/5126909_1459399.jpeg
Чехов. Золотые афоризмы классической литературы,Чехов А.П.,"Антон Павлович Чехов - писатель, имя которого знакомо нам с детства. Он известен как в нашей стране, так и за рубежом. Чехов - один из самых экранизируемых авторов мира. Пьесы Антона Павловича не сходят со сцен театров уже более ста лет, его произведения переиздаются огромными тиражами, многие из них включены в школьные программы.",1 300 тг,5,Планета Книг,2015 г.,9785000420096,128,Твердый,140 мм x 107 мм,9 мм,95 г.,http://www.bookcity.kz/content/images/thumbs/5068473_1408177.jpeg
Чжуан-цзы. Изречения,Чжуан-цзы,В сборнике представлены избранные высказывания и афоризмы великого китайского мыслителя.,2 100 тг,2,Рипол Классик,2010 г.,9785386019051,64,Твердый,8 мм,128 г.,Неизвестно,http://www.bookcity.kz/content/images/thumbs/5005255_1325838.jpeg
Энциклопедия ума,Неизвестно,"В ""Энциклопедию ума"" вошли многие сотни афоризмов (высказываний, цитат, изречений), принадлежащих выдающимся мыслителям, философам, богословам, писателям, музыкантам, общественным деятелям разных времен и народов. В этих афоризмах ярко выражены представления человечества о своих главных культурных и нравственных ценностях. Книга будет полезна не только студентам, преподавателям, политикам и поклонникам афористического жанра - это увлекательное и поучительное чтение для всех.",8 000 тг,4,Олма Медиа Групп,2018 г.,9785001112396,Твердый,270 мм x 210 мм,16 мм,915 г.,Неизвестно,http://www.bookcity.kz/content/images/thumbs/5120301_1453101.jpeg
Южное лето (Читать на Севере),Жванецкий М.М.,нет,3 500 тг,0,Эксмо,2014 г.,9785699700820,272,Твердый,200 мм x 145 мм,26 мм,367 г.,http://www.bookcity.kz/content/images/thumbs/5056313_1388070.jpeg
Я вчера видел раков,Жванецкий М.М.,"В сборник вошли произведения, написанные в восьмидесятых годах.",3 500 тг,0,Эксмо,2015 г.,9785699743261,368,Твердый,200 мм x 145 мм,25 мм,430 г.,http://www.bookcity.kz/content/images/thumbs/5069680_1409320.jpeg
Японские народные сказки. Журавлиные перья,Неизвестно,"Немного наивные и глубоко лиричные японские сказки мудры, как жизнь, и просты, как хокку. В них, словно в зеркале, отражены эстетические и духовные идеалы людей, стремящихся жить в гармонии с окружающим миром. Японцы тонко чувствуют его красоту, поэтому их сказки столь поэтичны. Поэтичность и изысканная утонченность характерны не только для фольклора, но и для изобразительного искусства Японии.",14 000 тг,0,ИД Мещерякова,2011 г.,9785910452248,216,Твердый,290 мм x 205 мм,23 мм,1005 г.,http://www.bookcity.kz/content/images/thumbs/5014324_1334990.jpeg
