12 этюдов для фортепиано,Скрябин А.,"Вашему вниманию предлагается нотное издание ""А. Скрябин. 12 этюдов для фортепиано. Сочинение 8"".",2 800 тг,0,Композитор,2012 г.,9790660066027,60,Мягкий,290 мм x 220 мм,5 мм,165 г.,http://www.bookcity.kz/content/images/thumbs/5127426_1336806.jpeg
125 упражнений в пассажах,Черни К.,"Издание содержит популярные в фортепианной практике этюды выдающегося австрийского педагога, пианиста и композитора. Исполняя пассаж, музыкант, во-первых, переходит в быстром темпе из одного регистра в другой, а во-вторых, пассажи часто соединяют между собой различные темы произведения.Предназначается для учащихся детских музыкальных школ. (уровень сложности: средний - выше среднего - сложный).",4 100 тг,1,Шабатура Д.М,2017 г.,9789857095902,64,Мягкий,15 мм,130 г.,Неизвестно,http://www.bookcity.kz/content/images/thumbs/5116167_1449110.jpeg
15 виртуозных этюдов. Для фортепиано. Для учащихся ДМШ и музыкальных училищ,Мошковский М.,Неизвестно,3 500 тг,1,Шабатура Д.М,2016 г.,9789857024841,Мягкий,3 мм,Неизвестно,Неизвестно,Неизвестно,http://www.bookcity.kz/content/images/thumbs/5123772_1456479.jpeg
160 восьмитактовых упражнений,Черни К.,"Карл Черни — австрийский пианист и композитор чешского происхождения считался в Вене одним из лучших преподавателей игры на фортепиано. Знаменит созданием огромного количества этюдов для фортепиано.Карл Черни родился в семье пианиста и педагога Венцеля (Вацлава) Черни, ставшего первым учителем Карла. Под его руководством Карл начал концертировать в 9-летнем возрасте. В 1800—1803 годах обучался игре на фортепиано у Людвига ван Бетховена. В этот же период учился у И.Н. Гуммеля и Муцио Клементи.До 1815 года вёл концертную деятельность: ему Людвиг ван Бетховен доверил исполнение своего Третьего фортепианного концерта. Однако в 1815 году Черни прекратил фортепианное исполнительство и сосредоточился на педагогике и композиции. Работал преимущественно в Вене, за исключением нескольких гастрольных поездок в Лейпциг (1836), в Париж и Лондон (обе в 1837 году).В середине XIX века Черни считался одним из крупнейших преподавателей игры на фортепиано. К числу его учеников принадлежали выдающиеся музыканты второй половины века: Ференц Лист, Сигизмунд Тальберг, Теодор Лешетицкий, Леопольд де Мейер, Теодор Куллак и многие другие.Творческое наследие Карла Черни насчитывает больше 1000 опусов, состав некоторых приближается к 50 и более номерам. Также Черни создал множество литературно-методических книг, посвящённых проблемам преподавания игры на фортепиано. Помимо собственных сочинений, Карл Черни создал собственные редакции «Хорошо темперированного клавира» И. С. Баха и сонат Доменико Скарлатти, а также клавираусцуги опер, ораторий, симфоний и других оркестровых произведений.",4 300 тг,1,Шабатура Д.М,2017 г.,9789857095889,76,Мягкий,5 мм,160 г.,Неизвестно,http://www.bookcity.kz/content/images/thumbs/5116149_1449092.jpeg
"18 ноктюрнов для фортепиано. Составление, редакция и предисловие Ференца Листа. Ноты",Филд Д.,"Джон Филд - ирландский композитор, пианист-виртуоз, педагог. Большую часть жизни провел в России. Филд является создателем ноктюрна как жанра фортепианной музыки. Сейчас его ноктюрны и другие фортепианные сочинения, среди которых концерты, сонаты, вариации, фантазии, рондо и фуги, входят в репертуар многих пианистов. Учебное пособие адресовано пианистам, педагогам и учащимся музыкальных учебных заведений.",6 100 тг,0,Лань-Пресс,2018 г.,9785811429400,116,Мягкий,215 мм x 145 мм,10 мм,465 г.,http://www.bookcity.kz/content/images/thumbs/5125540_1458076.jpeg
24 прелюдии. Сочинение 11: Для фортепиано,Скрябин А.,Неизвестно,2 700 тг,1,Музыка,9790706373218,4 мм,Неизвестно,Неизвестно,Неизвестно,Неизвестно,Неизвестно,http://www.bookcity.kz/content/images/thumbs/5122963_1455689.jpeg
24 прогрессивных упражнения,Черни К.,"""24 прогрессивных подготовительных упражнения"" (соч. 636) к ""Искусству беглости пальцев"" (соч. 740) названы так самим автором - выдающимся фортепианным педагогом К.Черни.Сборник этих этюдов является ценным учебно-педагогическим пособием для дальнейшего совершенствования технического развития учащихся-пианистов средних и старших классов ДМШ и ДШИ.",3 300 тг,1,Шабатура Д.М,2017 г.,9789857095841,52,Мягкий,10 мм,130 г.,Неизвестно,http://www.bookcity.kz/content/images/thumbs/5116155_1449098.jpeg
30 технических этюдов,Черни К.,"Репринтное нотное издание Czerny, Carl ""30 Etudes de Mecanisme, Op.849"". Жанры: Studies For piano Scores featuring the piano For 1 player.",3 600 тг,3,Шабатура Д.М,2017 г.,9789857095858,56,Мягкий,5 мм,130 г.,Неизвестно,http://www.bookcity.kz/content/images/thumbs/5116169_1449112.jpeg
50 характерных и прогрессивных этюдов,Лемуан А.,Неизвестно,3 700 тг,2,Шабатура Д.М,2018 г.,97898571924100,Мягкий,3 мм,Неизвестно,Неизвестно,Неизвестно,http://www.bookcity.kz/content/images/thumbs/5123747_1456455.jpeg
50 характерных и прогрессивных этюдов,Лемуан А.,Неизвестно,3 200 тг,2,Музыка,9790706373478,Мягкий,5 мм,Неизвестно,Неизвестно,Неизвестно,Неизвестно,http://www.bookcity.kz/content/images/thumbs/5010321_1332980.jpeg
50 хоральных прелюдий. Ноты,Бах И.С.,Неизвестно,8 200 тг,0,Лань-Пресс,2018 г.,9785811436835,Мягкий,9 мм,Неизвестно,Неизвестно,Неизвестно,http://www.bookcity.kz/content/images/thumbs/5125485_1458020.jpeg
75 мелодических и прогрессивных этюдов для скрипки. Блестящие этюды. Соч. 36. Ноты,Мазас Ж.,Неизвестно,4 400 тг,0,Лань-Пресс,2018 г.,9785811433285,Мягкий,300 мм x 210 мм,10 мм,130 г.,Неизвестно,http://www.bookcity.kz/content/images/thumbs/5125596_1458133.jpeg
ALLEGRO. Тетрадь 1. Начинаем. Классический репертуар для младших классов + CD,Смирнова Т.И.,Неизвестно,5 100 тг,1,Смирнова Т.И. (ALLEGRO),2014 г.,2200002168052,Мягкий,5 мм,Неизвестно,Неизвестно,Неизвестно,http://www.bookcity.kz/content/images/thumbs/5071284_1336762.jpeg
ALLEGRO. Тетрадь 10. Приятные встречи. Чтение с листа для всех классов + CD,Смирнова Т.И.,Неизвестно,5 100 тг,0,Смирнова Т.И. (ALLEGRO),9785903117017,5 мм,Неизвестно,Неизвестно,Неизвестно,Неизвестно,Неизвестно,http://www.bookcity.kz/content/images/thumbs/4204923_1341324.jpeg
ALLEGRO. Тетрадь 11. Учись аккомпанировать. Золотые темы джаза. 3-7 классы,Смирнова Т.И.,Неизвестно,3 900 тг,1,Смирнова Т.И. (ALLEGRO),2200002168083,5 мм,Неизвестно,Неизвестно,Неизвестно,Неизвестно,Неизвестно,http://www.bookcity.kz/content/images/thumbs/5015467_1337770.jpeg
ALLEGRO. Тетрадь 14. Для всех и для каждого. Вокальный репертуар для 1-7 классов,Смирнова Т.И.,Неизвестно,3 200 тг,0,Смирнова Т.И. (ALLEGRO),9785946880190,5 мм,Неизвестно,Неизвестно,Неизвестно,Неизвестно,Неизвестно,http://www.bookcity.kz/content/images/thumbs/5018277_1337376.jpeg
ALLEGRO. Тетрадь 15. Слушаем и играем. Фрагменты из произведений мировой музыкальной классики для 1-4 классов + CD,Смирнова Т.И.,"В монографии рассмотрены современные тенденции межорганизационного электронного бизнеса, выделены этапы развития межорганизационной электронной деятельности с использованием Интернет-технологий, определены особенности создания подобной деятельности в России, приведены результаты анализа межорганизационных площадок, осуществляющих электронный бизнес в России, раскрыта концепция системы управления проектом разработки и развития межорганизационной электронной площадки.",4 900 тг,0,Смирнова Т.И. (ALLEGRO),2002 г.,9785946880244,224,Мягкий,215 мм x 145 мм,5 мм,Неизвестно,http://www.bookcity.kz/content/images/thumbs/5015388_1336808.jpeg
ALLEGRO. Тетрадь 16. Джазовые мелодии. Концертные пьесы и учебный материал по импровизации для 3-7 классов + CD,Смирнова Т.И.,Неизвестно,4 200 тг,1,Смирнова Т.И. (ALLEGRO),2009 г.,2200002167468,Мягкий,5 мм,Неизвестно,Неизвестно,Неизвестно,http://www.bookcity.kz/content/images/thumbs/5055997_1398402.jpeg
"ALLEGRO. Тетрадь 18. В две, четыре и шесть рук. Оригинальные произведения и переложения для ансамблевого и сольного исполнения на фортепиано",Смирнова Т.И.,Неизвестно,3 900 тг,0,Смирнова Т.И. (ALLEGRO),9785903117031,Мягкий,5 мм,Неизвестно,Неизвестно,Неизвестно,Неизвестно,http://www.bookcity.kz/content/images/thumbs/5015305_1337340.jpeg
ALLEGRO. Тетрадь 19. Музыкальное путешествие. Ансамбли для фортепиано в 4-ре руки для 1-7 классов,Смирнова Т.И.,"«Интенсивный курс по фортепиано. Учебное пособие Аллегро» создается Татьяной Смирновой с 1991 года. За это время издание стало широко известно среди педагогов России и за рубежом. Тетрадь 19 почти полностью посвящена ансамблевой форме музицирования. Важная задача этой тетради — знакомство детей с народной и профессиональной (основанной на фольклоре) музыкой разных стран. В книге 8 пьес, представляющих портрет каждой страны.",3 700 тг,0,Смирнова Т.И. (ALLEGRO),2007 г.,9785903117024,Мягкий,5 мм,Неизвестно,Неизвестно,Неизвестно,http://www.bookcity.kz/content/images/thumbs/5052350_1337349.jpeg
ALLEGRO. Тетрадь 3. Танцуем и поём. Джазовый и вокальный репертуар для младших классов + 2 CD,Смирнова Т.И.,Неизвестно,6 600 тг,1,Смирнова Т.И. (ALLEGRO),2008 г.,2200002168045,Мягкий,4 мм,Неизвестно,Неизвестно,Неизвестно,http://www.bookcity.kz/content/images/thumbs/5015585_1337891.jpeg
ALLEGRO. Тетрадь 4.  Классичесский репертуар для средних классов,Смирнова Т.И.,Неизвестно,3 700 тг,3,Смирнова Т.И. (ALLEGRO),2200002167499,Мягкий,5 мм,Неизвестно,Неизвестно,Неизвестно,Неизвестно,http://www.bookcity.kz/content/images/thumbs/5052531_1341323.jpeg
ALLEGRO. Тетрадь 5. Классичесский репертуар для средних классов,Смирнова Т.И.,Неизвестно,3 900 тг,0,Смирнова Т.И. (ALLEGRO),2200002167444,Мягкий,5 мм,Неизвестно,Неизвестно,Неизвестно,Неизвестно,http://www.bookcity.kz/content/images/thumbs/5052530_1337386.jpeg
ALLEGRO. Тетрадь 6. Джазовый и вокальный репертуар для средних классов + 2 CD,Смирнова Т.И.,Неизвестно,4 900 тг,1,Смирнова Т.И. (ALLEGRO),9785787300154,5 мм,Неизвестно,Неизвестно,Неизвестно,Неизвестно,Неизвестно,http://www.bookcity.kz/content/images/thumbs/5052534_1337396.jpeg
ALLEGRO. Тетрадь 9. Джазовый и вокальный репертуар для старших классов + CD,Смирнова Т.И.,Неизвестно,5 100 тг,0,Смирнова Т.И. (ALLEGRO),2200002167437,Мягкий,5 мм,Неизвестно,Неизвестно,Неизвестно,Неизвестно,http://www.bookcity.kz/content/images/thumbs/5052535_1337397.jpeg
Best Of Nostalgie. Популярные зарубежные мелодии в легком переложении для фортепиано (гитары),Фиртич Г.,"В 1996 году в издательстве ""Композитор • Санкт-Петербург"" тиражом всего 500 экземпляров вышел в свет первый выпуск серии ""Nostalgie"" - популярные зарубежные мелодии в легком переложении для фортепиано (гитары).С тех пор выросли тиражи, издано более двадцати выпусков серии. Многие собирали их для своих домашних библиотек. Однако, судя по вашим письмам, это удалось не всем.Не огорчайтесь!В ваших руках ""Best of Nostalgie"" - самые известные хиты XX века. Впереди - новые мелодии, новые кумиры и... новые поколения любителей музыки.",4 500 тг,5,Композитор,2003 г.,9790660009345,1,Мягкий,290 мм x 220 мм,10 мм,250 г.,http://www.bookcity.kz/content/images/thumbs/5014109_1337585.jpeg
Jazz Piano. Выпуск 1,Ерохин В.,"Сборник составлен на основе пьес, опубликованных ранее в серии ""Джазовые и эстрадные композиции"" для фортепиано. Издание является учебным пособием для учащихся джазово-эстрадных отделений музыкальных училищ и вузов, а также предназначается для джазовых пианистов-исполнителей и любителей легкой музыки.",2 900 тг,1,Музыка,2014 г.,9785714010170,48,Мягкий,290 мм x 220 мм,5 мм,135 г.,http://www.bookcity.kz/content/images/thumbs/5054327_1358334.jpeg
Jazz Piano. Выпуск 3,Ерохин В.,Неизвестно,2 100 тг,2,Музыка,9790660063033,6 мм,Неизвестно,Неизвестно,Неизвестно,Неизвестно,Неизвестно,http://www.bookcity.kz/content/images/thumbs/5099333_1432629.jpeg
Jazz Piano. Выпуск 4,Ухов Д.П.,"Издание содержит фортепианные миниатюры выдающегося отечественного композитора Р.К.Щедрина, принадлежащие к лучшим образцам современного пианистического репертуара. Адресуется студентам музыкальных училищ и консерваторий, музыкантам-исполнителям.",2 100 тг,0,Музыка,2007 г.,9785714011320,16,Мягкий,290 мм x 220 мм,5 мм,85 г.,http://www.bookcity.kz/content/images/thumbs/5023775_1345303.jpeg
Альбом для домашнего музицирования: Для фортепиано. Выпуск 1,Неизвестно,"В сборник вошли произведения различных жанров, стилей, эпох, представляющие собой популярнейшие образцы мировой музыкальной культуры.  Предназначается для широкого круга любителей музыки.",2 400 тг,1,Музыка,2009 г.,2200001095328,44,Мягкий,290 мм x 220 мм,5 мм,135 г.,http://www.bookcity.kz/content/images/thumbs/5014824_1334042.jpeg
Альбом для домашнего музицирования: Для фортепиано. Выпуск 3,Мовчан С. сост.,"В сборник вошли произведения различных жанров, стилей, эпох, представляющие собой популярнейшие образцы мировой музыкальной культуры. Предназначается для широкого круга любителей музыки.",2 600 тг,1,Музыка,2007 г.,9785714008535,60,Мягкий,290 мм x 220 мм,5 мм,165 г.,http://www.bookcity.kz/content/images/thumbs/5035478_1360806.jpeg
Альбом для домашнего музицирования: Для фортепиано. Выпуск 4,Мовчан С. сост.,"В сборник вошли произведения различных жанров, стилей, эпох, представляющие собой популярнейшие образцы мировой музыкальной культуры. Предназначается для широкого круга любителей музыки.",2 400 тг,0,Музыка,2007 г.,9785714005732,52,Мягкий,290 мм x 220 мм,6 мм,165 г.,http://www.bookcity.kz/content/images/thumbs/5035581_1357711.jpeg
Альбом для домашнего музицирования: Для фортепиано. Выпуск 5,Самарин А.,В сборник вошли пьесы и фрагменты популярных произведений в адаптированном изложении для фортепиано. Адресуется широкому кругу любителей музыки.,3 000 тг,1,Музыка,2010 г.,9790706373263,64,Мягкий,290 мм x 220 мм,5 мм,190 г.,http://www.bookcity.kz/content/images/thumbs/5002876_1324026.jpeg
Альбом для домашнего музицирования: Для фортепиано. Выпуск 7,Самарин В.,Неизвестно,3 200 тг,0,Музыка,9790660061954,Мягкий,5 мм,Неизвестно,Неизвестно,Неизвестно,Неизвестно,http://www.bookcity.kz/content/images/thumbs/5123005_1455731.jpeg
Альбом для домашнего музицирования: Для фортепиано. Выпуск 8,Осеннева М.С.,Неизвестно,2 700 тг,0,Музыка,9790660064665,Мягкий,8 мм,Неизвестно,Неизвестно,Неизвестно,Неизвестно,http://www.bookcity.kz/content/images/thumbs/5123064_1455795.jpeg
Альбом для юношества,Шуман Р.,Цикл фортепианных пьес немецкого композитора-романтика в редакции профессора Московской консерватории В.К.Мержанова. Предназначается для учащихся детских музыкальных школ и для любителей музыки.,3 900 тг,0,Музыка,2007 г.,9790706380148,72,Мягкий,290 мм x 220 мм,7 мм,190 г.,http://www.bookcity.kz/content/images/thumbs/5123110_1455843.jpeg
Альбом популярной музыки для фортепиано. Часть 1,Неизвестно,В нотном издании представлены популярные произведения для фортепиано.,3 400 тг,5,Шабатура Д.М,2016 г.,9789857024100,56,Мягкий,4 мм,130 г.,Неизвестно,http://www.bookcity.kz/content/images/thumbs/5108465_1444748.jpeg
Альбом популярной музыки для фортепиано. Часть 2,Неизвестно,"Вашему вниманию предлагается нотное издание ""Альбом популярной музыки. Для фортепиано.",4 500 тг,5,Шабатура Д.М,9789857024117,5 мм,Неизвестно,Неизвестно,Неизвестно,Неизвестно,Неизвестно,http://www.bookcity.kz/content/images/thumbs/5108454_1444737.jpeg
Альбом популярной музыки для фортепиано. Часть 3,Неизвестно,Альбом популярной музыки для фортепиано. В 4-х частях. Часть 3Составитель - Д.М.Шабатура.,3 500 тг,4,Шабатура Д.М,2016 г.,9789857024391,60,Мягкий,4 мм,140 г.,Неизвестно,http://www.bookcity.kz/content/images/thumbs/5108474_1444757.jpeg
Альбом ученика-пианиста. Подготовительный класс. Хрестоматия,Цыганова Г.,"Сборник предназначен для детей 5-6 лет, обучающихся в подготовительном классе ДМШ, ДШИ или начинающих занятия музыкой под руководством родителей, имеющих музыкальное образование. Все представленные в сборнике песенки и пьесы публикуются впервые. Материал выстроен таким образом, что позволяет решать технологические задачи в доступной для ребенка форме, превращая процесс обучения в увлекательное занятие. Количество песенного материала позволяет полностью охватить начальный нотный период обучения и является достаточным для закрепления полученных навыков. Освоение каждого этапа работы завершается пьесой, которую ребенок исполняет вместе с преподавателем, привыкая к гармонической поддержке и постигая навыки ансамблевого музицирования. Разнообразие тематики песенных текстов является стимулом к обсуждению их образно-эмоциональной сферы, что, безусловно, расширяет кругозор маленького музыканта.",2 400 тг,4,Феникс,2014 г.,9790660034064,64,Мягкий,4 мм,130 г.,Неизвестно,http://www.bookcity.kz/content/images/thumbs/5034618_1358563.jpeg
Альбом ученика-пианиста. Хрестоматия. 1 класс,Цыганова Г.,"Появление данного сборника вызвано необходимостью расширить традиционный репертуар учеников 1 класса ДМШ и ДШИ.В хрестоматии собрано достаточное количество музыкально-педагогического материала, позволяющее отойти от широко известных произведений, освоив, тем не менее, все разделы программы с учетом индивидуальных возможностей ученика.Весь подбор и систематизация произведений явились отражением как общеизвестных педагогических принципов, так и результатом собственного многолетнего опыта работы с детьми.",3 300 тг,4,Феникс,2017 г.,9790660035429,88,Мягкий,5 мм,200 г.,Неизвестно,http://www.bookcity.kz/content/images/thumbs/5111177_1444484.jpeg
Альбом ученика-пианиста. Хрестоматия. 2 класс,Цыганова Г.,"Появление данного сборника вызвано необходимостью расширить традиционный репертуар учеников 2 класса ДМШ и ДШИ.В хрестоматии собрано достаточное количество музыкально-педагогического материала, позволяющее отойти от широко известных произведений, освоив тем не менее все разделы программы с учетом индивидуальных возможностей ученика.Подбор и систематизация произведений явились как отражением общеизвестных педагогических принципов, так и результатом собственного многолетнего опыта работы с детьми.",2 700 тг,4,Феникс,2017 г.,9790660035436,80,Мягкий,6 мм,180 г.,Неизвестно,http://www.bookcity.kz/content/images/thumbs/5111097_1444486.jpeg
Альбом фортепианных пьес для детей,Бетховен Л.,Неизвестно,4 200 тг,2,Музыка,2010 г.,9790660063040,Мягкий,5 мм,Неизвестно,Неизвестно,Неизвестно,http://www.bookcity.kz/content/images/thumbs/5127642_1460135.jpeg
Баллады для фортепиано,Шопен Ф.,"Переиздание четырех баллад великого польского композитора в редакции Г.Г.Нейгауза и Я.И.Мильштейна снабжено текстологическими комментариями, исследующими разночтения между прижизненными и последующими изданиями баллад. Адресуется широкому кругу музыкантов: исполнителям, студентам консерваторий и музыкальных училищ, а также любителям музыки.",4 100 тг,1,Музыка,2008 г.,9785714009709,80,Мягкий,290 мм x 220 мм,Неизвестно,Неизвестно,http://www.bookcity.kz/content/images/thumbs/5122956_1455686.jpeg
Бергамасская сюита: Для фортепиано,Дебюсси К.,Неизвестно,2 900 тг,2,Музыка,9790660066010,4 мм,Неизвестно,Неизвестно,Неизвестно,Неизвестно,Неизвестно,http://www.bookcity.kz/content/images/thumbs/5123065_1455796.jpeg
Большая музыка-маленькому музыканту. Легкие переложения для фортепиано. Альбом 1,Юдовина-ГальперинаТ.,"Цель серии альбомов ""Большая музыка — маленькому музыканту"" — пробудить у детей желание играть и слушать хорошую музыку. Легкие переложения позволяют быстро прочитать нотный текст и получить удовольствие от исполнения прекрасной музыки. Именно с этой целью некоторые пьесы изложены в более легкой тональности, упрощена фактура, в ряде случаев приводятся только небольшие фрагменты произведений. Знакомство с творчеством каждого композитора дополняется его краткой биографией и каким-либо характерным историческим анекдотом, с ней связанным. Сборники можно использовать в классе специального фортепиано (в основном для самостоятельной работы, чтения с листа), общего фортепиано и для домашнего музицирования. Под ред. Ольги Геталовой",2 400 тг,0,Композитор СПБ,9790660007426,2 мм,Неизвестно,Неизвестно,Неизвестно,Неизвестно,Неизвестно,http://www.bookcity.kz/content/images/thumbs/5132211_1464554.jpeg
Большая музыка-маленькому музыканту. Легкие переложения для фортепиано. Альбом 2,Юдовина-ГальперинаТ.,"Цель серии альбомов ""Большая музыка — маленькому музыканту"" — пробудить у детей желание играть и слушать хорошую музыку. Легкие переложения позволяют быстро прочитать нотный текст и получить удовольствие от исполнения прекрасной музыки. Именно с этой целью некоторые пьесы изложены в более легкой тональности, упрощена фактура, в ряде случаев приводятся только небольшие фрагменты произведений. Знакомство с творчеством каждого композитора дополняется его краткой биографией и каким-либо характерным историческим анекдотом, с ней связанным. Сборники можно использовать в классе специального фортепиано (в основном для самостоятельной работы, чтения с листа), общего фортепиано и для домашнего музицирования. Под ред. Ольги Геталовой",2 400 тг,0,Композитор СПБ,9790660007433,2 мм,Неизвестно,Неизвестно,Неизвестно,Неизвестно,Неизвестно,http://www.bookcity.kz/content/images/thumbs/5132350_1464697.jpeg
Большая музыка-маленькому музыканту. Легкие переложения для фортепиано. Альбом 3,Юдовина-ГальперинаТ.,"Цель серии альбомов ""Большая музыка — маленькому музыканту"" — пробудить у детей желание играть и слушать хорошую музыку. Легкие переложения позволяют быстро прочитать нотный текст и получить удовольствие от исполнения прекрасной музыки. Именно с этой целью некоторые пьесы изложены в более легкой тональности, упрощена фактура, в ряде случаев приводятся только небольшие фрагменты произведений. Знакомство с творчеством каждого композитора дополняется его краткой биографией и каким-либо характерным историческим анекдотом, с ней связанным. Сборники можно использовать в классе специального фортепиано (в основном для самостоятельной работы, чтения с листа), общего фортепиано и для домашнего музицирования. Под ред. Ольги Геталовой",2 400 тг,0,Композитор СПБ,9790660040058,2 мм,Неизвестно,Неизвестно,Неизвестно,Неизвестно,Неизвестно,http://www.bookcity.kz/content/images/thumbs/5132270_1464615.jpeg
Большая музыка-маленькому музыканту. Легкие переложения для фортепиано. Альбом 4,Юдовина-ГальперинаТ.,"Цель серии альбомов ""Большая музыка — маленькому музыканту"" — пробудить у детей желание играть и слушать хорошую музыку. Легкие переложения позволяют быстро прочитать нотный текст и получить удовольствие от исполнения прекрасной музыки. Именно с этой целью некоторые пьесы изложены в более легкой тональности, упрощена фактура, в ряде случаев приводятся только небольшие фрагменты произведений. Знакомство с творчеством каждого композитора дополняется его краткой биографией и каким-либо характерным историческим анекдотом, с ней связанным. Сборники можно использовать в классе специального фортепиано (в основном для самостоятельной работы, чтения с листа), общего фортепиано и для домашнего музицирования. Под ред. Ольги Геталовой",2 400 тг,0,Композитор СПБ,9790660041505,2 мм,Неизвестно,Неизвестно,Неизвестно,Неизвестно,Неизвестно,http://www.bookcity.kz/content/images/thumbs/5132275_1464620.jpeg
Большая музыка-маленькому музыканту. Легкие переложения для фортепиано. Альбом 5,Юдовина-ГальперинаТ.,"Эта книга - первая универсальная работа на тему, информация по которой встречается лишь в отдельных публикациях. Это одновременно и солидный научный труд, и энциклопедия, и учебник по истории русского антиквариата. Автор-составитель книги, искусствовед Владислав Толмацкий, известен по многочисленным публикациям в журнале ""Антикварное обозрение"" и отдельным изданиям, посвященным истории антикварного рынка Петербурга. Валентин Скурлов - видный историк ювелирного искусства, эксперт Министерства культуры Российской Федерации, консультант Аукционного дома Christie's. Александр Иванов - эксперт Министерства культуры Российской Федерации, автор ряда крупных научных исследований по проблематике русского ювелирного дела.  В настоящем издании собрано в стройную, научно аргументированную систему множество сведений из разнообразных источников, имеющих какое-либо касательство к данной тематике. К таким источникам, наряду с исторической, мемуарной и эпистолярной литературой, необходимо в первую очередь отнести ценнейшие архивные материалы, ряд которых публикуется впервые. Особо следует отметить широко использованную авторами хроникальную информацию (что само по себе исключительно интересно и познавательно) - обзорные статьи, заметки, рекламные объявления, а также сюжетную и сатирическую графику из отечественных газет и журналов.  Одна из сильных сторон издания - богатейший иллюстративный материал: обилие старинных фотографий и архивных документов, репродукций картин и других произведений искусства, проходивших в разное время на антикварном рынке Санкт-Петербурга. Эта книга - не только убедительный и увлекательный рассказ об истории русского антикварного бизнеса: городских магазинах, галереях, аукционах, лотереях, и, соответственно, их владельцах и устроителях. Это также и повествование о судьбах произведений искусства, о судьбах коллекционеров, посвятивших свою жизнь собиранию художественных редкостей. Данное издание, безусловно, ценно еще и тем, что в нем приводятся детальные описания значительного числа высокохудожественных вещей с антикварных продаж разных лет, чье местонахождение в настоящее время неизвестно. Вероятно, это поможет многим музейным работникам в атрибуции и восстановлении бытования неизвестных произведений, каких немало в любом из наших музеев.  Основной блок издания состоит из двух частей с логически расположением глав по хронологическому порядку. Первая ее часть охватывает период до 1917 года, вторая часть - советские и постсоветские годы.",2 400 тг,0,Композитор СПБ,2008 г.,9790660042250,520,Твердый,2 мм,2395 г.,Неизвестно,http://www.bookcity.kz/content/images/thumbs/5132271_1464616.jpeg
Большая музыка-маленькому музыканту. Легкие переложения для фортепиано. Альбом 6,Юдовина-ГальперинаТ.,"Идея серии «Большая музыка — маленькому музыканту» принадлежит Татьяне Борисовне Юдовиной-Гальпериной (1945-2003) — известному педагогу, автору статей по фортепианной педагогике, в частности по методике раннего обучения 2-3-летнего возраста. Цель серии — пробудить у детей желание играть и слушать хорошую музыку.
.Предлагаемые вашему вниманию переложения позволяют детям быстро прочитать нотный текст и получить удовольствие от исполнения прекрасной музыки. Именно с этой целью некоторые пьесы изложены в более легкой тональности, упрощена фактура, в ряде случаев приводятся только небольшие фрагменты произведений. Есть и произведения, представленные в серии не один раз: в одном альбоме в более легком переложении, а в другом — в более сложном.
.Материал, вошедший в сборники из данной серии, можно рекомендовать для работы в классе общего фортепиано в детских музыкальных школах и школах искусств, в качестве пьес для самостоятельного разучивания, для домашнего музицирования. Знание этих мелодий поможет и на уроках по музыкальной литературе.",2 400 тг,0,Композитор СПБ,9790352206939,2 мм,Неизвестно,Неизвестно,Неизвестно,Неизвестно,Неизвестно,http://www.bookcity.kz/content/images/thumbs/5132212_1464555.jpeg
Большая музыка-маленькому музыканту. Легкие переложения для фортепиано. Альбом 7,Юдовина-ГальперинаТ.,"Идея серии «Большая музыка — маленькому музыканту» принадлежит Татьяне Борисовне Юдовиной-Гальпериной (1945-2003) — известному педагогу, автору статей по фортепианной педагогике, в частности по методике раннего обучения 2-3-летнего возраста. Цель серии — пробудить у детей желание играть и слушать хорошую музыку.
.Предлагаемые вашему вниманию переложения позволяют детям быстро прочитать нотный текст и получить удовольствие от исполнения прекрасной музыки. Именно с этой целью некоторые пьесы изложены в более легкой тональности, упрощена фактура, в ряде случаев приводятся только небольшие фрагменты произведений. Есть и произведения, представленные в серии не один раз: в одном альбоме в более легком переложении, а в другом — в более сложном.
.Материал, вошедший в сборники из данной серии, можно рекомендовать для работы в классе общего фортепиано в детских музыкальных школах и школах искусств, в качестве пьес для самостоятельного разучивания, для домашнего музицирования. Знание этих мелодий поможет и на уроках по музыкальной литературе.",2 400 тг,0,Композитор СПБ,9790352210431,2 мм,Неизвестно,Неизвестно,Неизвестно,Неизвестно,Неизвестно,http://www.bookcity.kz/content/images/thumbs/5132276_1464621.jpeg
Буратино за синтезатором. Детские зарубежные песни в легком переложении,Неизвестно,"Эти ноты доступны каждому, кто хоть немного знаком с нотной грамотой и умеет играть на синтезаторе,— и ребенку, и взрослому. Мы специально позаботились о том, чтобы вам было легко и приятно петь под собственный аккомпанемент с вашими друзьями, с вашими детьми любимые мелодии. Все номера сборника рассчитаны даже на четырехоктавный инструмент.",1 200 тг,0,Композитор СПБ,9790660004524,2 мм,Неизвестно,Неизвестно,Неизвестно,Неизвестно,Неизвестно,http://www.bookcity.kz/content/images/thumbs/5132330_1464677.jpeg
Буратино за фортепиано. Популярные детские песни в самом легком переложении,Неизвестно,"Кто в детстве не читал о приключениях деревянного человечка с длиннющим носом? Кто, читая, не представлял себя на его месте? Кто не повторял за ним: ""А я не дам некту яблоко""? Приключения Буратино веселы, смех Буратино заразителен, сам он легок и непотопляем. Девиз нотной серии ""Буратино за фортепиано"" - ""Играть легко, слушать радостно и хочется спеть"". Запомнить слова и спеть. И снова посмотреть любимое кино, где песню пел настоящий артист.",5 700 тг,1,Композитор,2014 г.,9790660009406,112,Мягкий,290 мм x 220 мм,8 мм,300 г.,http://www.bookcity.kz/content/images/thumbs/4200799_1335811.jpeg
В классе хореографии. Хрестоматия концертмейстера,Никитина Н.,"Данное пособие составлено из произведений лучших образцов русской и зарубежной музыки, а также произведений, редко используемых на уроках в балетных классах. Здесь представлены образцы вокальной музыки, современной инструментальной и несколько авторских работ.",2 100 тг,0,Композитор СПБ,9790352209329,2 мм,Неизвестно,Неизвестно,Неизвестно,Неизвестно,Неизвестно,http://www.bookcity.kz/content/images/thumbs/5132277_1464622.jpeg
В музыку с радостью. Хрестоматия. 4–5 классы. Полифония. Крупная форма. Этюды,Геталова О.,"Данное учебное пособие развивает главные идеи базового сборника «В музыку с радостью» на более сложном материале. Основной принцип его отбора: профессиональная польза, удобство в исполнении, яркие и доступные для детского восприятия музыкальные образы. Сюда вошли полифонические произведения, произведения крупной формы и этюды для 4–5 классов, представляющие «золотой фонд» педагогического репертуара, а также малоизвестные сочинения и новинки русских и зарубежных композиторов.",5 700 тг,4,Композитор,2016 г.,9790352210561,Мягкий,11 мм,Неизвестно,Неизвестно,Неизвестно,http://www.bookcity.kz/content/images/thumbs/5096715_1431669.jpeg
В музыку с радостью. Хрестоматия. 6–8 классы. Полифония. Крупная форма,Геталова О.,"Данное учебное пособие развивает главные идеи базового сборника «В музыку с радостью» на более сложном материале. Основной принцип его отбора: профессиональная польза, удобство в исполнении, яркие и доступные для детского восприятия музыкальные образы. Сюда вошли полифонические произведения, произведения крупной формы для 6–7 классов, представляющие «золотой фонд» педагогического репертуара, малоизвестные произведения, а также новинки русских и зарубежных композиторов в разных стилях и жанрах. В каждом разделе нотный материал систематизирован, выстроен по возрастанию степени сложности.",6 400 тг,4,Композитор,2019 г.,9790352210608,8 мм,Неизвестно,Неизвестно,Неизвестно,Неизвестно,http://www.bookcity.kz/content/images/thumbs/5121522_1452680.jpeg
В музыку с радостью. Хрестоматия. 6–8 классы. Пьесы. Этюды,Геталова О.,"Данное учебное пособие развивает главные идеи базового сборника «В музыку с радостью» на более сложном материале. Основной принцип его отбора: профессиональная польза, удобство в исполнении, яркие и доступные для детского восприятия музыкальные образы.
Сюда вошли пьесы и этюды для 6–7 классов, представляющие «золотой фонд» педагогического репертуара, малоизвестные произведения, а также новинки русских и зарубежных композиторов в разных стилях и жанрах. В каждом разделе нотный материал систематизирован, выстроен по возрастанию степени сложности.",6 400 тг,4,Композитор,2016 г.,9790352210639,8 мм,Неизвестно,Неизвестно,Неизвестно,Неизвестно,http://www.bookcity.kz/content/images/thumbs/5121523_1452681.jpeg
"В музыку с радостью. Хрестоматия. Концертные пьесы. Младшие, средние и старшие классы",Геталова О.,"Данный сборник рекомендуется использовать одновременно с учебными пособиями «В музыку с радостью» в качестве хрестоматии для расширения концертно-конкурсного репертуара. В него вошли наиболее яркие и образные пьесы различных стилей и жанров. Издание адресовано учащимся младших, средних и старших классов музыкальных школ, школ искусств, а также широкому кругу любителей музыки.",7 200 тг,0,Композитор СПБ,2019 г.,9790352213531,10 мм,Неизвестно,Неизвестно,Неизвестно,Неизвестно,http://www.bookcity.kz/content/images/thumbs/5132331_1464678.jpeg
Вальсы для фортепиано. Часть 1,Шопен Ф.,Издание содержит знаменитые вальсы Фридерика Шопена для фортепиано.,4 100 тг,3,Шабатура Д.М,2016 г.,9789857095193,54,Мягкий,5 мм,130 г.,Неизвестно,http://www.bookcity.kz/content/images/thumbs/5116183_1449126.jpeg
Вальсы для фортепиано. Часть 2,Шопен Ф.,Неизвестно,4 800 тг,3,Шабатура Д.М,2018 г.,9789857192380,Мягкий,7 мм,Неизвестно,Неизвестно,Неизвестно,http://www.bookcity.kz/content/images/thumbs/5122962_1454926.jpeg
Вальсы. Выпуск 1: Для фортепиано,Штраус И.,"В сборник включены популярные вальсы австрийского композитора, скрипача и дирижера Иоганна Штрауса - ""Тысяча и одна ночь"", ""Венская кровь"", ""Ты и ты"", ""Розы с юга"", ""Поцелуй"", ""Кайзер-вальс"". . .Предназначается для многочисленных любителей музыки.",2 600 тг,0,Музыка,9790660065600,4 мм,Неизвестно,Неизвестно,Неизвестно,Неизвестно,Неизвестно,http://www.bookcity.kz/content/images/thumbs/5123009_1455735.jpeg
Вальсы. Выпуск 2: Для фортепиано,Штраус И.,"В сборник включены популярные вальсы австрийского композитора, скрипача и дирижера Иоганна Штрауса (1825-1899) - «Тысяча и одна ночь», «Венская кровь», «Ты и ты», «Розы с юга», «Поцелуй», «Кайзер-вальс».",3 200 тг,0,Музыка,9790660066324,5 мм,Неизвестно,Неизвестно,Неизвестно,Неизвестно,Неизвестно,http://www.bookcity.kz/content/images/thumbs/5123010_1455736.jpeg
Вальсы. Для фортепиано. Выпуск VI.Танцы для бала юристов. Прощальные возгласы. Стрекоза,Штраус И. (сын),"Иоганн Штраус-сын - великий австрийский композитор, в первую очередь прославившийся как автор множества танцевальных произведений. Среди них особое место занимают вальсы. Авторские характеристичные названия вальсов мастерски отражены и в музыкальном содержании. Структура сочинений необычна: между интродукцией и кодой заключены пять вальсовых тем, представляющих собой своеобразную вальсовую ""гирлянду"". В настоящей серии планируется публикация наиболее полного собрания вальсов Штрауса в переложении для фортепиано. Один из 12 вальсов настоящего выпуска был посвящен жене великого князя во время пребывания Штрауса в России. Издание адресовано учащимся музыкальных школ, училищ, вузов, а также широкому кругу любителей музыки.",6 700 тг,0,Лань-Пресс,2018 г.,9785811435753,136,Мягкий,10 мм,305 г.,Неизвестно,http://www.bookcity.kz/content/images/thumbs/5125448_1457983.jpeg
Вальсы. Для фортепиано. Выпуск VII. Прощание с Санкт-Петербургом. Полет мысли. Блуждающие огни,Штраус И. (сын),"Иоганн Штраус-сын - великий австрийский композитор, в первую очередь прославившийся как автор множества танцевальных произведений. Среди них особое место занимают вальсы. Авторские характеристичные названия вальсов мастерски отражены и в музыкальном содержании. Структура сочинений необычна: между интродукцией и кодой заключены пять вальсовых тем, представляющих собой своеобразную вальсовую ""гирлянду"". В настоящей серии планируется публикация наиболее полного собрания вальсов Штрауса в переложении для фортепиано. Седьмой выпуск состоит из девяти вальсов, в числе которых - вальс ""Прощание с Санкт-Петербургом"". Издание адресовано учащимся музыкальных школ, училищ, вузов, а также широкому кругу любителей музыки.",6 000 тг,0,Лань-Пресс,2018 г.,9785811435760,112,Мягкий,10 мм,255 г.,Неизвестно,http://www.bookcity.kz/content/images/thumbs/5125436_1457971.jpeg
Вальсы. Для фортепиано. Выпуск VIII. Колонны. Моторы. Венская хроника. Карнавальный посол. С гор,Штраус И. (сын),Неизвестно,7 100 тг,0,Лань-Пресс,2018 г.,9785811435777,Мягкий,7 мм,Неизвестно,Неизвестно,Неизвестно,http://www.bookcity.kz/content/images/thumbs/5125447_1457982.jpeg
Венгерские рапсодии №8 и №12,Лист Ф.,Неизвестно,2 800 тг,0,Композитор,2200002141888,Мягкий,5 мм,Неизвестно,Неизвестно,Неизвестно,Неизвестно,http://www.bookcity.kz/content/images/thumbs/5015609_1337555.jpeg
Венгерские танцы. Для фортепиано в четыре руки. Ноты,Брамс Й.,"Венгерские танцы, написанные для фортепиано в четыре руки, принадлежат к числу самых популярных сочинений выдающегося немецкого композитора Йоганнеса Брамса (1833-1897).Издание адресовано пианистам, педагогам и студентам музыкальных учебных заведений.",5 900 тг,1,Лань-Пресс,2018 г.,9785811429950,120,Мягкий,6 мм,270 г.,Неизвестно,http://www.bookcity.kz/content/images/thumbs/5125524_1458060.jpeg
Весенние голоса. Избранные вальсы для фортепиано,Штраус И.,В нотном издании представлены избранные вальсы для фортепиано.,3 300 тг,1,Шабатура Д.М,2018 г.,97898571924278,64,Мягкий,10 мм,145 г.,Неизвестно,http://www.bookcity.kz/content/images/thumbs/5111034_1444739.jpeg
Волшебный луч. Песни из кинофильмов. Музыка отечественного кино,Гладков Г.,Неизвестно,1 800 тг,0,ИП Козлов Сергей,9785962800899,Неизвестно,Неизвестно,Неизвестно,Неизвестно,Неизвестно,Неизвестно,http://www.bookcity.kz/content/images/thumbs/5123694_1456401.jpeg
Времена года,Чайковский П.И.,"Вашему вниманию предлагается нотное издание ""П.И.Чайковский. Времена года"" для фортепиано.",4 000 тг,4,Шабатура Д.М,2017 г.,9789857095551,68,Мягкий,5 мм,155 г.,Неизвестно,http://www.bookcity.kz/content/images/thumbs/5116208_1444743.jpeg
Десять очень легких пьесок. Для фортепиано,Мясковский Н.,"Стабильное учебное пособие, включающее необходимый художественный материал из программы ДМШ. 
Для учащихся 5-6 классов ДМШ.",1 800 тг,0,Музыка,2018 г.,9790660062036,Мягкий,5 мм,Неизвестно,Неизвестно,Неизвестно,http://www.bookcity.kz/content/images/thumbs/5127604_1460100.jpeg
Детский альбом,Чайковский П.И.,Неизвестно,1 200 тг,5,Кифара,2013 г.,9790706363431,Мягкий,5 мм,Неизвестно,Неизвестно,Неизвестно,http://www.bookcity.kz/content/images/thumbs/5028557_1348320.jpeg
Детский альбом. Для фортепиано,Хачатурян А.И.,"""Детский альбом"" - цикл фортепианных миниатюр в двух тетрадях, написанных композитором в 1947 и 1967 годах. Содержит разнохарактерные, выразительные пьесы, адресованные как начинающим, так и ученикам старших классов детских музыкальных школ.",3 400 тг,2,Музыка,2018 г.,9790660064962,60,Мягкий,290 мм x 220 мм,8 мм,185 г.,http://www.bookcity.kz/content/images/thumbs/5127453_1459945.jpeg
Детский уголок. Для фортепиано,Дебюсси К.,Неизвестно,1 200 тг,0,Композитор СПБ,2013 г.,9790660005583,2 мм,Неизвестно,Неизвестно,Неизвестно,Неизвестно,http://www.bookcity.kz/content/images/thumbs/5132231_1464573.jpeg
Джазовые игрушки,Пилипенко Л.,Неизвестно,2 000 тг,0,ИД Катанский В.,2013 г.,9785943880711,4 мм,Неизвестно,Неизвестно,Неизвестно,Неизвестно,http://www.bookcity.kz/content/images/thumbs/5126827_1459329.jpeg
Джазовые произведения для фортепиано,Гершвин Д.,"В этом сборнике представлены 15 наиболее известных песен Джорджа Гершвина в аранжировке джазового пианиста, композитора, аранжировщика, педагога Юрия Маркина. Гершвин не был джазменом, он просто писал песни для музыкальных спектаклей (мюзиклов), но эти песни содержат в себе что-то такое, что в последствии всегда вдохновляло джазменов. Аранжировки Ю.Маркина - чисто джазовые - написанные не сложно, в расчете на музыкальную школу, включают в себя импровизации.",3 100 тг,3,Шабатура Д.М,2014 г.,9789857024728,44,Мягкий,10 мм,120 г.,Неизвестно,http://www.bookcity.kz/content/images/thumbs/5111005_1444700.jpeg
Джазовые произведения для фортепиано. Часть 1,Неизвестно,В сборник входят популярные джазовые произведения для фортепиано. Составитель - Шабатура Д.М.,4 500 тг,3,Шабатура Д.М,2018 г.,97898571925718,72,Мягкий,10 мм,170 г.,Неизвестно,http://www.bookcity.kz/content/images/thumbs/5119562_1452380.jpeg
Джазовые произведения для фортепиано. Часть 2,Неизвестно,В нотном издании представлены популярные джазовые мелодии для фортепиано.,4 300 тг,2,Шабатура Д.М,2016 г.,9789857095179,Мягкий,6 мм,Неизвестно,Неизвестно,Неизвестно,http://www.bookcity.kz/content/images/thumbs/5121533_1454277.jpeg
Джазовый альбом. Для фортепиано,Якушенко И.,Цикл фортепианных музыкальных картин в джазовом стиле. Вошедшие в него пьесы разной степени трудности могут быть использованы в педагогической практике в детских музыкальных школах и музыкальных училищах.,4 500 тг,2,Музыка,2008 г.,9790660067413,64,Мягкий,290 мм x 220 мм,4 мм,Неизвестно,http://www.bookcity.kz/content/images/thumbs/5127423_1459916.jpeg
Дюк Эллингтон. Избранное. Искусство джаза,Эллингтон Д.,Неизвестно,2 100 тг,5,ИП Козлов Сергей,9785962801384,Мягкий,4 мм,Неизвестно,Неизвестно,Неизвестно,Неизвестно,http://www.bookcity.kz/content/images/thumbs/5123700_1456407.jpeg
Ежедневные упражнения,Черни К.,"Нет ничего более целесообразного и важного для того, кто желает преуспеть в фортепианном искусстве, чем прилежная работа над наиболее часто встречающимися трудностями - до тех пор, пока не будет достигнуто совершенство исполнения. Таковой и является цель настоящих упражнений. Если исполнитель после всестороннего изучения будет играть их согласно предписаниям и с метрономом в указанном темпе, то его пальцы смогут с легкостью овладеть сложнейшими из пассажей.Название ""Ежедневные упражнения"" не означает, что все их необходимо играть каждый день. Наоборот, следует посвящать примерно один час ежедневно изучению некоторых из них. Трех или четырех дней таких занятий будет достаточно, чтобы завершить курс и достичь поставленной цели.Данные упражнения следует исполнять со всеми обозначенными повторениями, без остановок, в указанном темпе. После каждой коды можно делать небольшую паузу.",3 800 тг,1,Шабатура Д.М,2017 г.,9789857095896,56,Мягкий,5 мм,125 г.,Неизвестно,http://www.bookcity.kz/content/images/thumbs/5116152_1449095.jpeg
Ежедневные упражнения пианиста. Арпеджио,Тимакин Е.М.,"В работе заслуженного учителя России, известного педагога Е.Тимакина, воспитавшего плеяду выдающихся отечественных пианистов (в том числе Е.Новицкую, М.Плетнева, В.Фельдмана), представлены фортепианные упражнения на основе трех-, четырех- и пятизвучных арпеджио. Предназначается для студентов музыкальных училищ и консерваторий, а также для концертирующих исполнителей.",3 200 тг,0,Музыка,2016 г.,9790660060599,56,290 мм x 220 мм,5 мм,Неизвестно,Неизвестно,http://www.bookcity.kz/content/images/thumbs/5086457_1425196.jpeg
"Ежедневные упражнения юного пианиста. Тетради 1, 2",Неизвестно,В сборник вошли ежедневные упражнения для учащихся младших и средних классов детской музыкальной школы.,2 200 тг,3,Шабатура Д.М,2016 г.,9789857095094,32,Мягкий,10 мм,80 г.,Неизвестно,http://www.bookcity.kz/content/images/thumbs/5111001_1444753.jpeg
Ежедневные упражнения юного пианиста. Тетрадь 3,Неизвестно,"Предлагаемые упражнения на двойные ноты, октавную к аккордовую технику, а также на сложные сочетания четырех звуков требуют при исполнении особого внимания. Играя, тщательно следите за свободой пальцев, рук и корпуса. При первых признаках утомления немедленно дайте отдых рукам. Помните, что даже кратковременная напряженность опасна.",2 100 тг,1,Шабатура Д.М,2016 г.,9789857095124,28,Мягкий,10 мм,105 г.,Неизвестно,http://www.bookcity.kz/content/images/thumbs/5111002_1444758.jpeg
Знаменитые произведения в легком переложении для фортепиано,Рахманинов С.,"Издание содержит популярные, знакомые всем произведения великого русского композитора, представленные полностью или в виде фрагментов. Адаптированные фортепианные переложения выполнил Д. Молин. В сборник вошли прелюдии до-диез минор, соль минор и соль-диез минор, «Итальянская полька», Каватина Алеко из оперы «Алеко», романсы «Не пой, красавица, при мне», «Сирень», «Здесь хорошо», «В молчаньи ночи тайной», «Вокализ», фрагменты из Рапсодии на тему Паганини, фортепианных концертов (№ 1, 2, 3), симфонических и камерных произведений.Предназначается для учащихся старших классов детских музыкальных школ, студентов музыкальных училищ, а также для широкого круга любителей музыки.",3 900 тг,3,Музыка,2018 г.,9790660067772,Мягкий,9 мм,Неизвестно,Неизвестно,Неизвестно,http://www.bookcity.kz/content/images/thumbs/5127441_1459932.jpeg
Знаменитые произведения в лёгком переложении для фортепиано,Римский-Корсаков Н.,"Издание содержит популярные, знакомые всем произведения великого русского композитора, представленные полностью или в виде фрагментов.",3 400 тг,0,Музыка,2018 г.,9790660065716,Мягкий,5 мм,Неизвестно,Неизвестно,Неизвестно,http://www.bookcity.kz/content/images/thumbs/5129931_1459967.jpeg
Из нотной тетради Анны-Магдалены Бах,Бах И.С.,"Для художественного развития молодых пианистов, воспитания их профессионального мастерства исключительную важность имеет изучение клавирного творчества великих полифонистов. Опытом многих поколений педагогов доказано: наилучший педагогический материал для воспитания полифонического звукового мышления пианиста – клавирное наследие И.С. Баха, а первой ступенькой на пути к полифоническому мастерству является широко известный сборник под названием «Нотная тетрадь Анны Магдалены Бах». Две «Нотные тетради Анны Магдалены Бах», представляющие собой своеобразные домашние музыкальные альбомы семьи И.С. Баха, содержат инструментальные и вокальные пьесы самого различного характера. Все эти сочинения – как собственные, так и чужие – вписаны в тетради рукой И.С. Баха, иногда – его жены А.М. Бах. встречаются также страницы, исписанные детским почерком кого-либо из младших членов семьи.",1 000 тг,3,ИП Козлов Сергей,4607026910137,3 мм,Неизвестно,Неизвестно,Неизвестно,Неизвестно,Неизвестно,http://www.bookcity.kz/content/images/thumbs/5123719_1456095.jpeg
Избранные произведения. Для фортепиано. Выпуск 1,Скрябин А.,Неизвестно,4 000 тг,0,Музыка,2018 г.,9790660064313,Мягкий,6 мм,Неизвестно,Неизвестно,Неизвестно,http://www.bookcity.kz/content/images/thumbs/5127452_1459944.jpeg
Избранные сонаты,Чимароза Д.,Неизвестно,1 100 тг,0,Кифара,2008 г.,9790706363110,5 мм,Неизвестно,Неизвестно,Неизвестно,Неизвестно,http://www.bookcity.kz/content/images/thumbs/5015309_1336548.jpeg
Избранные сонаты,Клементи М.,"Издание содержит популярные в педагогической практике произведения выдающегося композитора, педагога и пианиста XVIII-XIX веков. Предназначено для учащихся старших классов детских музыкальных школ и студентов музыкальных училищ.",3 800 тг,2,Музыка,2012 г.,9790706380667,80,Мягкий,290 мм x 220 мм,5 мм,Неизвестно,http://www.bookcity.kz/content/images/thumbs/5021055_1342140.jpeg
Избранные сонаты для фортепиано. Выпуск 1,Гайдн Й.,Неизвестно,3 500 тг,1,Музыка,2011 г.,9790706373959,6 мм,Неизвестно,Неизвестно,Неизвестно,Неизвестно,http://www.bookcity.kz/content/images/thumbs/5052644_1363446.jpeg
Избранные сонаты для фортепиано. Выпуск 2,Гайдн Й.,В издание включены часто использующиеся в педагогической практике сонаты великого австрийского композитора. Предназначается для учащихся детских музыкальных школ и студентов музыкальных училищ.,3 200 тг,1,Музыка,2010 г.,9790706373546,64,Мягкий,290 мм x 220 мм,6 мм,195 г.,http://www.bookcity.kz/content/images/thumbs/5052362_1362799.jpeg
Избранные сонаты для фортепиано. Часть 1,Гайдн Й.,Неизвестно,5 700 тг,3,Шабатура Д.М,2018 г.,9789857192076,Мягкий,6 мм,Неизвестно,Неизвестно,Неизвестно,http://www.bookcity.kz/content/images/thumbs/5123779_1456483.jpeg
Избранные сонаты для фортепиано. Часть 2,Гайдн Й.,Неизвестно,5 100 тг,1,Шабатура Д.М,2018 г.,97898571920836,Мягкий,6 мм,Неизвестно,Неизвестно,Неизвестно,http://www.bookcity.kz/content/images/thumbs/5123780_1456484.jpeg
Избранные фортепианные сочинения. Ноты,Шуман Р.,Неизвестно,9 700 тг,0,Лань-Пресс,2018 г.,9785811433582,80,Мягкий,290 мм x 210 мм,20 мм,555 г.,http://www.bookcity.kz/content/images/thumbs/5125449_1457984.jpeg
Инвенции для фортепиано,Бах И.С.,Популярный в педагогической практике сборник полифонических двух- и трехголосных пьес великого немецкого композитора. Предназначается для учащихся детских музыкальных школ.,4 400 тг,2,Музыка,2009 г.,9785714007828,96,Мягкий,290 мм x 220 мм,5 мм,216 г.,http://www.bookcity.kz/content/images/thumbs/5035485_1357528.jpeg
Неизвестно,Неизвестно,Неизвестно,Неизвестно,Неизвестно,Неизвестно,Неизвестно,Неизвестно,Неизвестно,Неизвестно,Неизвестно,Неизвестно,Неизвестно,Неизвестно
Искусство беглости пальцев,Черни К.,Искусство беглости пальцев. Для фортепиано.Сочинение 740 (699). Тетради 1-4.,7 700 тг,2,Шабатура Д.М,2016 г.,9789857024865,176,Мягкий,10 мм,380 г.,Неизвестно,http://www.bookcity.kz/content/images/thumbs/5110961_1444731.jpeg
Искусство беглости пальцев для фортепиано. Тетради 1-4,Черни К.,"Издание содержит популярные в пианистической практике этюды выдающегося австрийского педагога, пианиста и композитора. Предназначается для учащихся старших классов детских музыкальных школ и студентов музыкальных училищ.",7 600 тг,2,Музыка,2004 г.,9790660062685,176,Мягкий,290 мм x 220 мм,11 мм,355 г.,http://www.bookcity.kz/content/images/thumbs/5079075_1418595.jpeg
Искусство орнаментики,Черни К.,Неизвестно,4 700 тг,0,Шабатура Д.М,2017 г.,9789857095872,5 мм,Неизвестно,Неизвестно,Неизвестно,Неизвестно,http://www.bookcity.kz/content/images/thumbs/5116194_1449137.jpeg
Итальянская полька. Фантазия на популярные темы,Неизвестно,"Предлагаем вашему вниманию нотное издание ""Рахманинов-Карш. Итальянская полька. Дунаевский-Ладыженский. Фантазия на популярные темы. Репертуар ДМШ для фортепиано в четыре руки"".",700 тг,0,Нота МИ,2005 г.,9785956500996,5 мм,Неизвестно,Неизвестно,Неизвестно,Неизвестно,http://www.bookcity.kz/content/images/thumbs/5046983_1369367.jpeg
Концерт №1. Переложение для 2х фортепиано,Чайковский П.И.,Неизвестно,3 500 тг,0,Композитор СПБ,9790660009093,8 мм,Неизвестно,Неизвестно,Неизвестно,Неизвестно,Неизвестно,http://www.bookcity.kz/content/images/thumbs/5132351_1464698.jpeg
Концерт Ля минор. Переложение для двух фортепиано,"Вивальди А., Бах И.С.","Первое издание фортепианной версии струнного концерта Вивальди, в свое время переработанного Бахом для органа соло. Транскрипция, осуществленная американской пианисткой Джулией Зильберквит для фортепиано и струнного оркестра, значительно обогатит концертный фортепианный репертуар. В настоящей публикации данная транскрипция представлена в переложении для двух фортепиано. Издание снабжено комментариями. Для студентов музыкальных училищ и консерваторий, а также для концертирующих пианистов.",1 700 тг,0,П.Юргенсон ,2008 г.,9785972000586,32,Мягкий,5 мм,115 г.,Неизвестно,http://www.bookcity.kz/content/images/thumbs/5002510_1324338.jpeg
Концертмейстер на уроках хореографии. Учебное пособие,ХазановаС.,"Настоящее пособие содержит музыкальные произведения, рекомендуемые для использования концертмейстером-пианистом на уроках хореографии в детских музыкальных школах (с 1 по 7 классы). В процесс обучения детей основам искусства хореографии включен ряд обязательных специальных упражнений (прыжки, хореографические элементы, выполняемые у станка, на середине и т. д.): plie, battement tendu, battement tendu jete, rond de jambe par terre, battement fondu, frappe, rond de jambe en Г air, adagio, grand battement jete, растяжка no палке, port de bras, saute, assemble, echappe, прыжковая комбинация (saute). В пособии представлены музыкальные произведения на каждое из этих упражнений.",1 800 тг,0,Композитор СПБ,9790660009543,2 мм,Неизвестно,Неизвестно,Неизвестно,Неизвестно,Неизвестно,http://www.bookcity.kz/content/images/thumbs/5132213_1464556.jpeg
Концертные миниатюры. Для скрипки и фортепиано. Клавир и партия,Гринберг С.,Неизвестно,2 300 тг,0,Композитор СПБ,9790660009697,2 мм,Неизвестно,Неизвестно,Неизвестно,Неизвестно,Неизвестно,http://www.bookcity.kz/content/images/thumbs/5132214_1464557.jpeg
Концертные сюиты из балетов «Спящая красавица» и «Щелкунчик». Для фортепиано,Чайковский П.И.,"Издание содержит концертные обработки отдельных номеров балетов ""Спящая красавица"" и ""Щелкунчик"" Чайковского, выполненные выдающимся российским пианистом Михаилом Плетневым. Предназначается для студентов музыкальных училищ и консерваторий, концертирующих исполнителей.",6 700 тг,0,Музыка,2007 г.,9790660065440,108,Мягкий,9 мм,458 г.,"

                                                Концертная сюита из балета ""Спящая красавица"", Пролог, Танец пажей, Видение, Andante, Фея серебра, Кот в сапогах и белая кошечка, Гавот, Щебечущая канарейка, Красная Шапочка и Волк, Adagio, Финал, Концертная сюита из балета ""Щелкунчик"", Марш, Танец феи Драже, Тарантелла, Интермеццо, Трепак, Китайский танец, Andante maestoso",http://www.bookcity.kz/content/images/thumbs/5094572_1432535.jpeg
Крохе-музыканту. Часть 1. Нотная азбука для самых маленьких,Королькова И.С.,"Настоящий сборник является методическим пособием, предназначенным для обучения игре на фортепиано детей 4-5-летнего возраста. Весь нотный материал публикуется впервые. Тексты песенок образны и доступны по содержанию. В силу особенностей детской психологии данного возраста автор считает нецелесообразным перегружать нотный текст лишними знаками, поэтому в песенках отсутствуют паузы, не имеющие мелодического значения. Аппликатура и штрихи не проставлены в связи с тем, что в зависимости от поставленной цели и индивидуальных особенностей строения руки ребенка варианты могут быть различны. Использование партии учителя не является обязательным, а служит гармоническим дополнением к мелодиям. Предлагаемые ритмические упражнения могут быть одним из вариантов работы над развитием ритма.",3 300 тг,5,Феникс,2019 г.,9790660031605,56,Мягкий,4 мм,170 г.,Неизвестно,http://www.bookcity.kz/content/images/thumbs/5133241_1432050.jpeg
Крохе-музыканту. Часть 2. Нотная азбука для самых маленьких,Королькова И.С.,"Данное пособие восполняет пробел в одной из самых важных сфер музыкального образования репертуаре начинающего пианиста. Сборник предназначен для обучения детей 4-5-летнего возраста игре на фортепиано. Благодаря тому, что музыкальный материал выстроен от простого к сложному, а тексты песенок тесно связаны с красочными иллюстрациями, даже такие маленькие дети смогут легко его освоить. Ребенку смогут помочь в занятиях не только преподаватели, но и родители, обладающие начальными музыкальными знаниями.",3 300 тг,5,Феникс,2019 г.,9790660031216,56,Мягкий,3 мм,155 г.,Неизвестно,http://www.bookcity.kz/content/images/thumbs/5007787_1387144.jpeg
Крохе-музыканту: Часть 3. Концертный репертуар для самых маленьких,Королькова И.С.,"Настоящий сборник является 3 частью методического пособия, предназначенного для обучения игре на фортепиано детей 4-6 лет. Цель данного сборника — приобщение малышей к концертной практике. Нотный материал выстроен от простого к сложному. Партия учителя является обязательной для исполнения, так как не только служит гармоническим дополнением к мелодии, но и несет на себе значительную часть образного содержания. Ее могут исполнять как родители, так и более старшие ученики. В сборник включены вариации на известные темы, что позволяет приучать малышей к освоению крупной формы. Весь нотный материал публикуется впервые.",3 300 тг,5,Феникс,2018 г.,9790660035696,56,Мягкий,4 мм,145 г.,Неизвестно,http://www.bookcity.kz/content/images/thumbs/5129486_1396498.jpeg
Легкие сонаты (сонатины) для фортепиано,Бетховен Л.,Неизвестно,3 200 тг,2,Музыка,2011 г.,9790706373881,Мягкий,5 мм,Неизвестно,Неизвестно,Неизвестно,http://www.bookcity.kz/content/images/thumbs/5002454_1324664.jpeg
Любимые оперные мелодии для фортепиано в 6 рук,Неизвестно,Неизвестно,1 300 тг,0,Союз Художников,2009 г.,2200001676817,5 мм,Неизвестно,Неизвестно,Неизвестно,Неизвестно,http://www.bookcity.kz/content/images/thumbs/5052488_1327787.jpeg
Мой инструмент — синтезатор. Хрестоматия. Выпуск 5,Шавкунов И.,Неизвестно,1 300 тг,0,Композитор,2200002256445,5 мм,Неизвестно,Неизвестно,Неизвестно,Неизвестно,Неизвестно,http://www.bookcity.kz/content/images/thumbs/5052525_1335740.jpeg
Музицирование для детей и взрослых. Выпуск 2,Барахтина Ю.В.,Неизвестно,2 100 тг,5,Окарина,2014 г.,2200002107648,Мягкий,5 мм,Неизвестно,Неизвестно,Неизвестно,http://www.bookcity.kz/content/images/thumbs/5012905_1336189.jpeg
Музицирование для детей и взрослых. Выпуск 3,Барахтина Ю.В.,Неизвестно,2 100 тг,5,Окарина,2014 г.,2200002107655,Мягкий,5 мм,Неизвестно,Неизвестно,Неизвестно,http://www.bookcity.kz/content/images/thumbs/4486949_1334746.jpeg
Музицирование для детей и взрослых. Выпуск 4,Барахтина Ю.В.,Неизвестно,2 100 тг,5,Окарина,2013 г.,2200002618281,Мягкий,5 мм,Неизвестно,Неизвестно,Неизвестно,http://www.bookcity.kz/content/images/thumbs/5047280_1369683.jpeg
Музицирование для детей и взрослых. Для фортепиано,Барахтина Ю.В.,Неизвестно,2 100 тг,5,Окарина,2018 г.,2200002107631,Мягкий,5 мм,Неизвестно,Неизвестно,Неизвестно,http://www.bookcity.kz/content/images/thumbs/5054740_1334557.jpeg
Музицируем с удовольствием. Часть 1,Неизвестно,Неизвестно,4 100 тг,5,Шабатура Д.М,2017 г.,9789857095766,Мягкий,4 мм,Неизвестно,Неизвестно,Неизвестно,http://www.bookcity.kz/content/images/thumbs/5108444_1444727.jpeg
Музицируем с удовольствием. Часть 2,Неизвестно,"Вашему вниманию предлагается нотное издание ""Музицируем с удовольствием"".Содержание:1. И.С.Бах. Токката и фуга ре минор2. Л.Бетховен. Тема. Из симфонии №53. Зеленые рукава. Английская народная песня4. Г.Гендель. Ларго. Из оперы ""Ксеркс""5. Ж.Массне. Размышление. Из оперы ""Таис""6. Л.Боккерини. Менуэт7. А.Дворжак. Тема. Из симфонии ""Из Нового Света""8. А.Бородин. Ноктюрн9. Ф.Мендельсон. На крыльях песни10. Песня Кондора. Перуанская народная песня11. К.Франсуа, Ж.Рево. Мой путь. Из репертуара Ф.Синатры12. Танец утят. Французская народная песня13. В.Соловьев-Седой. Подмосковные вечер Из кинофильма ""В дни спартакиады""14. Р.Лехтинен. Летка-енька 15. Г.Уоррен. Я знаю почему. Из кинофильма ""Серенада Солнечной долины""16. А.Челентано. Confessa17. Ю.Жиро. Mammy blue. Из репертуара оркестра п/у П.Мориа18. Т.Кутуньо. Феличита. Из репертуара Алъбано и Р.Пауэр19. Ф.Сартори. Time to say goodbuy. Из репертуара А.Бочелли20. В.Дональдсон. Моя крошка21. В.Юманс. Чай вдвоем22. Chris de Burgh. The Lady in Red23. Cara mia. Из репертуара дуэта ""Baccara""24. Т.McNaughton, F.Farian, G.Reyam, B.Dowe. Rivers of Babylon. Из репертуара группы ""Бонни М""25. В.Паллавичини. Индейское лето. Из репертуара Джо Дассена26. Д.Хенли. Отель ""Калифорния"". Из репертуара группы ""Иглз""27. Е.Крылатов. Прекрасное далёко. Из кинофильма ""Гостья из будущего""",4 100 тг,5,Шабатура Д.М,2017 г.,9789857095773,56,Мягкий,6 мм,130 г.,Неизвестно,http://www.bookcity.kz/content/images/thumbs/5108476_1444759.jpeg
Музицируем с удовольствием. Часть 3,Неизвестно,"Вашему вниманию предлагается нотное издание ""Музицируем с удовольствием"".Составитель Шабатура Дмитрий Михайлович.",4 100 тг,5,Шабатура Д.М,2017 г.,9789857095780,52,Мягкий,5 мм,130 г.,Неизвестно,http://www.bookcity.kz/content/images/thumbs/5108471_1444754.jpeg
Музицируем с удовольствием. Часть 4,Неизвестно,"Вашему вниманию предлагается нотное издание ""Музицируем с удовольствием"".Составитель Шабатура Дмитрий Михайлович.",4 100 тг,5,Шабатура Д.М,2017 г.,9789857095797,52,Мягкий,6 мм,130 г.,Неизвестно,http://www.bookcity.kz/content/images/thumbs/5108442_1444725.jpeg
Музицируем с удовольствием. Часть 5,Неизвестно,"Вашему вниманию предлагается нотное издание ""Музицируем с удовольствием"".Составитель Шабатура Дмитрий Михайлович.",4 100 тг,5,Шабатура Д.М,2017 г.,9789857095803,52,Мягкий,5 мм,130 г.,Неизвестно,http://www.bookcity.kz/content/images/thumbs/5108455_1444738.jpeg
Музицируем с удовольствием. Часть 6,Неизвестно,"Вашему вниманию предлагается нотное издание ""Музицируем с удовольствием"".Составитель Шабатура Дмитрий Михайлович.",4 100 тг,5,Шабатура Д.М,2017 г.,9789857095810,52,Мягкий,8 мм,130 г.,Неизвестно,http://www.bookcity.kz/content/images/thumbs/5108466_1444749.jpeg
Музицируем с удовольствием. Часть 7,Неизвестно,"Вашему вниманию предлагается нотное издание ""Музицируем с удовольствием"".Составитель Шабатура Дмитрий Михайлович.",4 100 тг,4,Шабатура Д.М,2017 г.,9789857095827,52,Мягкий,5 мм,130 г.,Неизвестно,http://www.bookcity.kz/content/images/thumbs/5108458_1444741.jpeg
Музыка отдыха. 24 салонные пьесы для фортепиано,Полторацкий В.А.,"Цикл фортепианных миниатюр российского композитора В.Полторацкого, сочетающих традиции классической музыки и джаза. Одна из пьес цикла (№ 9) получила широкую известность как концертная миниатюра ""Сувенир"" в исполнении оркестра ""Виртуозы Москвы"" под управлением В.Спивакова. Предназначается для студентов музыкальных училищ и консерваторий, а также для музыкантов-исполнителей.",2 300 тг,0,Музыка,2008 г.,9785714009532,112,Мягкий,5 мм,Неизвестно,Неизвестно,http://www.bookcity.kz/content/images/thumbs/5018590_1339294.jpeg
Музыкальная литература. 3 год. Русская музыкальная классика,Шорникова М.,"Рабочая тетрадь содержит практические задания по темам, изложенным в учебнике ""Музыкальная литература. Русская музыкальная классика: 3 год обучения"". Эти задания разнообразны но формам: теоретические, практические, творческие, обобщающие, тестовые. В нее также включены дополнительные материалы, кроссворды. Вес это расширяет кругозор учащихся, помогает в формировании собственного мнения о музыке и приучает к творческой работе.Рабочая тетрадь точно соответствует содержанию учебника, для которого предназначена.",2 800 тг,0,Феникс,2018 г.,9785222292990,160,Мягкий,200 мм x 130 мм,10 мм,145 г.,http://www.bookcity.kz/content/images/thumbs/5130130_1462522.jpeg
Музыкальная литература. Русская музыка ХХ века. 4 год обучения,Шорникова М.,"Рабочая тетрадь содержит практические задания- по темам, изложенным в учебнике ""Музыкальная литература. Русская музыка XX века. 4-й год обучения"". Эти задания разнообразны по формам: теоретические, практические, творческие, обобщающие, тестовые. В нее также включены дополнительные материалы, кроссворды. Все это расширяет кругозор учащихся, помогает в формировании собственного мнения о музыке и приучает к творческой работе.Рабочая тетрадь точно соответствует содержанию учебника, для которого предназначена.",2 700 тг,0,Феникс,2018 г.,9785222312810,158,Мягкий,200 мм x 130 мм,10 мм,150 г.,http://www.bookcity.kz/content/images/thumbs/5130089_1462483.jpeg
Музыкальный калейдоскоп. Выпуск 3,Шпанова М.,Сборник содержит популярные произведения классических и эстрадных жанров в адаптированном изложении для фортепиано. Предназначается широкому кругу любителей музыки.,2 400 тг,2,Музыка,2014 г.,9790706380940,Мягкий,5 мм,Неизвестно,Неизвестно,Неизвестно,http://www.bookcity.kz/content/images/thumbs/5049959_1388728.jpeg
Ноктюрны для фортепиано. Часть 1,Шопен Ф.,Вашему вниманию предлагаются ноктюрны Ф. Шопена для фортепиано.,3 600 тг,2,Шабатура Д.М,2017 г.,9789857095261,66,Мягкий,300 мм x 220 мм,4 мм,130 г.,http://www.bookcity.kz/content/images/thumbs/5108446_1444729.jpeg
Ноктюрны для фортепиано. Часть 2,Шопен Ф.,Вашему вниманию предлагаются ноктюрны Ф.Шопена для фортепиано.,3 500 тг,1,Шабатура Д.М,2017 г.,9789857095728,66,Мягкий,300 мм x 220 мм,4 мм,130 г.,http://www.bookcity.kz/content/images/thumbs/5108452_1444735.jpeg
Ноктюрны: Для фортепиано,Шопен Ф.,"Издание содержит ноктюрны великого польского композитора Ф. Шопена в редакции Оборина и Мильштейна. Снабжено текстологическими комментариями, исследующими разночтения между прижизненными и последующими изданиями ноктюрнов. Адресуется широкому кругу музыкантов — концертирующим пианистам, студентам консерваторий и музыкальных училищ, а также любителям музыки.",6 500 тг,3,Музыка,9790706359328,10 мм,Неизвестно,Неизвестно,Неизвестно,Неизвестно,Неизвестно,http://www.bookcity.kz/content/images/thumbs/5094585_1432548.jpeg
Нотная азбука,Кончаловская Н.,Неизвестно,6 400 тг,2,Шабатура Д.М,2017 г.,9789857095926,Мягкий,7 мм,Неизвестно,Неизвестно,Неизвестно,http://www.bookcity.kz/content/images/thumbs/5108451_1444734.jpeg
Обученье без мученья. Учебное пособие на материале детских песен,Геталова О.,Неизвестно,5 400 тг,5,Композитор,2013 г.,9790660046807,Мягкий,6 мм,Неизвестно,Неизвестно,Неизвестно,http://www.bookcity.kz/content/images/thumbs/5009216_1328680.jpeg
Пантомимы и феерии. Вторая тетрадь,Щербачев Н.,"Николай Васильевич Щербачев (родился в 1853 г. - год смерти неизвестен) - русский композитор и пианист, принадлежавший к кругу композиторов ""Могучей кучки"", близкий приятель М.П.Мусоргского и В.В.Стасова. Щербачев - автор превосходных романсов, фортепианных пьес, оркестровых произведений. Его композиторский талант высоко оценивали Ц.Кюи, М.Балакирев, А.Бородин. ""Картинками, полными поэзии, чувства, живописности и душевной глубины"" назвал В.",800 тг,0,Нота,2006 г.,9785956501368,36,290 мм x 220 мм,5 мм,Неизвестно,Неизвестно,http://www.bookcity.kz/content/images/thumbs/5047425_1369370.jpeg
Первая встреча с музыкой. Учебное пособие,Артоболевская А.,"Вашему вниманию предлагается книга ""Первая встреча с музыкой"". Такие добрые и отзывчивые, духовно развитые юноши и девушки необходимы сегодня как воздух, как сама жизнь. Значит, и такие учителя музыки, как Анна Даниловна, - это наше драгоценное достояние, наша надежда на возможное новое Возрождение мира искусств в новом, недавно наступившем тысячелетии"". Сергей Слонимский",4 000 тг,5,Композитор,2013 г.,9785737902612,100,Мягкий,290 мм x 220 мм,6 мм,Неизвестно,http://www.bookcity.kz/content/images/thumbs/5047359_1369695.jpeg
Первоначальный фортепианный учитель,Черни К.,"Этюды и упражнения выдающегося фортепианного педагога К. Черни являются фундаментальной школой последовательного овладения техническими навыками. В настоящем сборнике представлены самые простые и элементарные из них, названные автором «Первоначальный фортепианный учитель» (соч. 599).Издание адресовано учащимся ДМШ и ДШИ, начинающим изучать искусство игры на фортепиано с самых первых уроков.",4 900 тг,1,Шабатура Д.М,2017 г.,9789857095834,72,Мягкий,15 мм,130 г.,Неизвестно,http://www.bookcity.kz/content/images/thumbs/5116156_1449099.jpeg
Первые шаги маленького пианиста,Неизвестно,"В сборник вошли песенки, пьесы, этюды и ансамбли для первых двух лет обучения.",4 200 тг,1,Шабатура Д.М,2017 г.,9789857095445,96,Мягкий,10 мм,235 г.,Неизвестно,http://www.bookcity.kz/content/images/thumbs/5110976_1444728.jpeg
"Первые шаги маленького пианиста. Песенки, пьесы, этюды и ансамбли. Для первых лет обучения","Баранова Г., Четверухина А.",Сборник содержит художественный и инструктивный материал для первоначальной работы с детьми в течение 2-х - 3-х лет обучения. Впервые сборник был издан в 1985 году. Предназначается для учащихся младших классов детских музыкальных школ.,5 600 тг,0,Музыка,2015 г.,9790706359359,128,Мягкий,220 мм x 290 мм,8 мм,355 г.,http://www.bookcity.kz/content/images/thumbs/5072228_1411695.jpeg
Первые шаги. Для фортепиано. Сборник для начинающих. Хрестоматия. Часть 2,Неизвестно,Неизвестно,3 600 тг,3,Шабатура Д.М,2006 г.,2200003518887,Мягкий,4 мм,Неизвестно,Неизвестно,Неизвестно,http://www.bookcity.kz/content/images/thumbs/5108447_1444730.jpeg
Первые шаги. Для фортепиано. Сборник для начинающих. Хрестоматия. Часть 3,Неизвестно,Неизвестно,3 500 тг,1,Шабатура Д.М,2002 г.,2200003518894,Мягкий,3 мм,Неизвестно,Неизвестно,Неизвестно,http://www.bookcity.kz/content/images/thumbs/5108441_1444724.jpeg
Полонезы для фортепиано,Огинский М.,Неизвестно,2 900 тг,3,Шабатура Д.М,2017 г.,9789857095704,5 мм,Неизвестно,Неизвестно,Неизвестно,Неизвестно,http://www.bookcity.kz/content/images/thumbs/5122690_1454276.jpeg
Прелюдии для фортепиано. Тетрадь 1,Дебюсси К.,"Издание содержит двенадцать фортепианных прелюдий (I-XII) знаменитого французского композитора-импрессиониста. Адресовано студентам музыкальных училищ и консерваторий, а также концертирующим пианистам.",3 600 тг,0,Музыка,2008 г.,9785714007446,56,Мягкий,290 мм x 220 мм,7 мм,160 г.,http://www.bookcity.kz/content/images/thumbs/5004337_1325891.jpeg
Произведения французских композиторов для фортепиано,Жукова Л.,В нотном издании представлены произведения известных французских композиторов для фортепиано.,5 000 тг,1,Шабатура Д.М,2014 г.,9789857024711,112,Мягкий,10 мм,290 г.,Неизвестно,http://www.bookcity.kz/content/images/thumbs/5111057_1444760.jpeg
Регтаймы для фортепиано. Часть 1,Джоплин С.,В нотном издании представлены произведения для фортепиано.,4 700 тг,2,Шабатура Д.М,2016 г.,9789857095292,48,Мягкий,5 мм,140 г.,Неизвестно,http://www.bookcity.kz/content/images/thumbs/5108463_1444746.jpeg
Регтаймы для фортепиано. Часть 2,Джоплин С.,В нотном издании представлены произведения для фортепиано.,4 700 тг,0,Шабатура Д.М,2016 г.,9789857095308,48,Мягкий,10 мм,140 г.,Неизвестно,http://www.bookcity.kz/content/images/thumbs/5108464_1444747.jpeg
Ритмы джаза в игре на фортепиано,Ивэнс Л.,"В предлагаемом пособии изучаются различные виды синкопирования (от простейших до сложных), особенности полиритмии, триоли. Наряду с упражнениями автор приводит собственные оригинальные джазовые пьесы.Издание предназначено для учащихся средних музыкальных заведений, широкого круга любителей джазовой и эстрадной музыки.",2 900 тг,3,Шабатура Д.М,2017 г.,9789857095537,40,Мягкий,10 мм,110 г.,Неизвестно,http://www.bookcity.kz/content/images/thumbs/5111006_1444701.jpeg
Самоучитель игры на фортепиано,Мохель Л.,Неизвестно,2 900 тг,5,Кифара,2014 г.,9790706363097,Мягкий,11 мм,Неизвестно,Неизвестно,Неизвестно,http://www.bookcity.kz/content/images/thumbs/5026572_1348432.jpeg
Сборник легких пьес для фортепиано. Подготовительный и 1 класс,Барсукова С.А.,Неизвестно,3 600 тг,4,ИП Козлов Сергей,9790660035221,5 мм,Неизвестно,Неизвестно,Неизвестно,Неизвестно,Неизвестно,http://www.bookcity.kz/content/images/thumbs/5123391_1456092.jpeg
Сборник фрагментов из классических балетов. Переложение  для фортепиано,Ревская Н.,Неизвестно,3 100 тг,0,Композитор СПБ,9790660042724,10 мм,Неизвестно,Неизвестно,Неизвестно,Неизвестно,Неизвестно,http://www.bookcity.kz/content/images/thumbs/5132354_1464701.jpeg
Скороговорки. Для фортепиано. 50 упражнений для беглости рук,СимоноваТ.,"Этюды рассчитаны на первые годы обучения ребенка игре на фортепиано. Могут использоваться педагогами как дополнение традиционного репертуара. Изобретательному автору удалось создать маленькие и весьма занимательные пьесы-миниатюры, доступные пониманию ребенка. В сборнике не соблюдается последовательность в нарастании трудности. Педагог в каждом определенном случае может находить пьесы и упражнения, наиболее соответствующие какой-то конкретно поставленной перед учеником задаче, в зависимости от возраста и индивидуальности ребенка...",1 600 тг,1,Композитор СПБ,9790660002322,2 мм,Неизвестно,Неизвестно,Неизвестно,Неизвестно,Неизвестно,http://www.bookcity.kz/content/images/thumbs/5132210_1464553.jpeg
Созвучий дивных дар бесценный,Кирсанова Э.,Неизвестно,200 тг,0,Өнер,2004 г.,9789965595677,Мягкий,5 мм,Неизвестно,Неизвестно,Неизвестно,http://www.bookcity.kz/content/images/thumbs/5014826_1335965.jpeg
Солнце. Фортепианные пьесы для детей и юношества,Баяхунов Б.Я.,"Автор публикуемых сочинений - современный композитор Бакир Яхиянович Баяхунов (р. 1933), народный артист Республики Казахстан. Большинство произведений навеяно образами Востока, в некоторых из них использованы подлинные казахские напевы.Сборник включает пьесы разного уровня сложности и предназначен для учащихся детских музыкальных школ и музыкальных колледжей.",4 400 тг,0,Музыка,2016 г.,9790660065211,108,Мягкий,290 мм x 220 мм,7 мм,300 г.,http://www.bookcity.kz/content/images/thumbs/5090139_1428058.jpeg
Соната № 14 (Лунная). Для фортепиано,БетховенЛ.,"Людвиг ван Бетховен (1770-1827) - великий немецкий композитор, пианист, дирижер. Последний венский классик, автор всемирно известных симфоний, концертов, оперы ""Фиделио"", квартетов и множества других сочинений практически во всех музыкальных жанрах. Бетховен создал 32 фортепианные сонаты.",1 200 тг,0,Композитор СПБ,2018 г.,9790660004883,1 мм,Неизвестно,Неизвестно,Неизвестно,Неизвестно,http://www.bookcity.kz/content/images/thumbs/5132209_1464552.jpeg
Соната №14. К Элизе,Бетховен Л.,"Созданная в 1801 г., она вскоре стала одним из самых популярных сочинений композитора. Бетховен назвал ее Сонатой-фантазией (Sonata quasi una Fantasia), однако за ней прочно сохраняется наименование “Лунной”, данное немецким поэтом Л. Рельштабом, современником и большим почитателем гения Бетховена. Соната отличается исключительной цельностью формы. музыка ее проникнута страстным романтическим порывом, поэтической взволнованностью, красотой.

В курсе музыкальной литературы на разных уровнях обучения сонаты Бетховена изучаются непременно — и как примеры классических форм, и как непревзойденные творческие достижения эпохи «высокого» музыкального классицизма.",700 тг,5,Аллегро,2009 г.,2200002618298,2 мм,Неизвестно,Неизвестно,Неизвестно,Неизвестно,http://www.bookcity.kz/content/images/thumbs/5106671_1431670.jpeg
Соната для фортепиано в 3 руки. Соната для фортепиано в 4 руки,Геслер И.В.,"В сборнике представлены редко издаваемые сонаты для фортепиано в 3 и в 4 руки немецкого композитора Иоганна Вильгельма Геслера. Последние 30 лет жизни он провел в России, где прославился как пианист, педагог и композитор. Предназначается для учащихся старших классов детских музыкальных школ и студентов музыкальных училищ.",900 тг,0,Музыка,2007 г.,9785714003547,48,290 мм x 220 мм,5 мм,Неизвестно,Неизвестно,http://www.bookcity.kz/content/images/thumbs/5035595_1357813.jpeg
"Сонатины для фортепиано. Соч. 151, 168. Ноты",Диабелли А.,"Антон Диабелли - австрийский композитор, педагог, редактор и музыкальный издатель.Из композиторского наследия Диабелли наибольшей популярностью пользуются его произведения для фортепиано, в частности, сонатины, прочно входящие в репертуар юных пианистов. В настоящий сборник вошли четыре сонатины, соч. 151, и семь сонатин, соч. 168.Издание предназначено для учащихся детских музыкальных школ и студентов музыкальных училищ, а также для широкого круга любителей фортепианной музыки.",5 300 тг,0,Лань-Пресс,2018 г.,9785811431090,88,Мягкий,15 мм,205 г.,Неизвестно,http://www.bookcity.kz/content/images/thumbs/5125595_1458132.jpeg
Сонатная триада,Галынин Г.,"Яркое и самобытное произведение российского композитора XX века. Адресуется студентам музыкальных училищ и консерваторий, а также концертирующим пианистам.",1 200 тг,0,Музыка,2007 г.,9785714008139,40,Мягкий,5 мм,115 г.,Неизвестно,http://www.bookcity.kz/content/images/thumbs/5035522_1357753.jpeg
"Сонаты №33, 38, 48",Гайдн Й.,В данном издании представлено: Соната №33 до минор. Соната №38 Фа мажор. Соната №48 До мажор.,900 тг,2,Кифара,2007 г.,9785901980521,48,Мягкий,290 мм x 220 мм,4 мм,137 г.,http://www.bookcity.kz/content/images/thumbs/5123387_1456089.jpeg
Сонаты для фортепиано. Выпуск 1,Скарлатти Д.,"В издании представлены представлены сонаты выдающегося итальянского композитора и клавесиниста XVII века - Доменико Скарлатти.Адресуется учащимся старших классов ДМШ, студентам музыкальных училищ, а также широкому кругу любителей фортепианной музыки.",3 500 тг,0,Музыка,2005 г.,9790660063880,72,Мягкий,290 мм x 220 мм,5 мм,215 г.,http://www.bookcity.kz/content/images/thumbs/5122972_1455697.jpeg
Сонаты для фортепиано. Выпуск 2,Скарлатти Д.,"Продолжение публикации фортепианных сонат итальянского композитора и клавесиниста Доменико Скарлатти в исполнительской редакции А.Николаева и И.Окраинец. Адресуется студентам музыкальных училищ и консерваторий, а также музыкантам-исполнителям.",3 800 тг,0,Музыка,2015 г.,9790660062760,80,Мягкий,290 мм x 220 мм,8 мм,245 г.,http://www.bookcity.kz/content/images/thumbs/5122973_1455698.jpeg
Сонаты: Для фортепиано,Шопен Ф.,"Переиздание трех сонат великого польского композитора в редакции Я.И.Мильштейна. снабжено текстологическими комментариями, исследующими разночтения между прижизненными и последующими изданиями сонат.
Адресуется концертирующим исполнителям, студентам консерваторий и музыкальных училищ.",4 500 тг,0,Музыка,2011 г.,9790706373928,7 мм,Неизвестно,Неизвестно,Неизвестно,Неизвестно,http://www.bookcity.kz/content/images/thumbs/5123120_1455737.jpeg
Сочинения для фортепиано,Бородин А.,Неизвестно,1 900 тг,0,Музыка,2010 г.,9785714001666,Мягкий,5 мм,Неизвестно,Неизвестно,Неизвестно,http://www.bookcity.kz/content/images/thumbs/5048667_1370999.jpeg
Сюита для фортепиано,Кюи Ц.А.,"Сюита для фортепиано, написанная композитором в 1883 году, посвящена Ф.Листу. Сочинение отмечено масштабностью изложения, виртуозностью фактуры. Публикуется по единственному прижизненному изданию В.Бесселя. Предназначается студентам музыкальных училищ и консерваторий, концертирующим пианистам. Издание с параллельным текстом на английском языке.",1 100 тг,0,П.Юргенсон ,2005 г.,9785972000234,36,340 мм x 245 мм,5 мм,Неизвестно,Неизвестно,http://www.bookcity.kz/content/images/thumbs/5022627_1344373.jpeg
Техника игры джазового пианиста,Ивэнс Л.,Неизвестно,2 500 тг,1,Шабатура Д.М,2017 г.,9789857095674,3 мм,Неизвестно,Неизвестно,Неизвестно,Неизвестно,http://www.bookcity.kz/content/images/thumbs/5108479_1444762.jpeg
Урок классического танца. Учебное пособие для концертмейстеров балетного класса,Штемпель Н.,"Н.Штемпель - концертмейстер с большим опытом, знающая все тонкости работы в балетном классе. Разнообразнейший нотный материал для всех видов балетных комбинаций составлен из произведений мировой балетной классики и импровизаций концертмейстеров. Его использование позволит концертмейстеру не только существенно расширить музыкальный репертуар, но и подобрать необходимые для урока ноты, не привлекая дополнительной литературы. Фактура большинства произведений намеренно упрощена, что делает материал более доступным и сосредотачивает внимание концертмейстера не на технических, а на художественных и учебных задачах. Учебное пособие для концертмейстеров балетного класса.",7 000 тг,0,Композитор СПБ,9790352206694,10 мм,Неизвестно,Неизвестно,Неизвестно,Неизвестно,Неизвестно,http://www.bookcity.kz/content/images/thumbs/5132274_1464619.jpeg
Учитесь импровизировать. Практический курс обучения импровизации на фортепиано,Родионова Т.,В книге представлен практический курс обучения художественной импровизации на фортепиано.Для учащихся ДМШ.,5 500 тг,3,Шабатура Д.М,2016 г.,9789857095100,92,Мягкий,10 мм,235 г.,Неизвестно,http://www.bookcity.kz/content/images/thumbs/5111056_1444750.jpeg
Фортепианная техника в удовольствие. Сборник этюдов и пьес. 1 класс,Катаргина О.,Неизвестно,1 400 тг,5,MPI,2006 г.,9785962800950,Мягкий,6 мм,Неизвестно,Неизвестно,Неизвестно,http://www.bookcity.kz/content/images/thumbs/5052348_1340180.jpeg
Фортепианная техника в удовольствие. Сборник этюдов и пьес. 2 класс,Катаргина О.,Неизвестно,1 500 тг,5,MPI,9785962800967,6 мм,Неизвестно,Неизвестно,Неизвестно,Неизвестно,Неизвестно,http://www.bookcity.kz/content/images/thumbs/5052349_1336212.jpeg
Фортепианная техника в удовольствие. Сборник этюдов и пьес. 3 класс,Катаргина О.,Неизвестно,1 700 тг,4,MPI,2006 г.,9785962800974,Мягкий,5 мм,Неизвестно,Неизвестно,Неизвестно,http://www.bookcity.kz/content/images/thumbs/5014116_1335931.jpeg
Фортепианная техника в удовольствие. Сборник этюдов и пьес. 4 класс,Катаргина О.,Неизвестно,1 700 тг,4,MPI,9785962800981,5 мм,Неизвестно,Неизвестно,Неизвестно,Неизвестно,Неизвестно,http://www.bookcity.kz/content/images/thumbs/5005067_1326640.jpeg
Фортепианная техника в удовольствие. Сборник этюдов и пьес. 5 класс,Катаргина О.,Неизвестно,2 300 тг,4,MPI,9785962800998,5 мм,Неизвестно,Неизвестно,Неизвестно,Неизвестно,Неизвестно,http://www.bookcity.kz/content/images/thumbs/5009227_1329058.jpeg
Фортепианная техника в удовольствие. Сборник этюдов и пьес. 6 класс,Катаргина О.,Неизвестно,2 300 тг,4,MPI,9785962801001,5 мм,Неизвестно,Неизвестно,Неизвестно,Неизвестно,Неизвестно,http://www.bookcity.kz/content/images/thumbs/5042230_1364801.jpeg
Фортепианная техника в удовольствие. Сборник этюдов и пьес. 7 класс,Катаргина О.,Неизвестно,2 300 тг,4,MPI,9785962801018,Мягкий,5 мм,Неизвестно,Неизвестно,Неизвестно,Неизвестно,http://www.bookcity.kz/content/images/thumbs/5007814_1330374.jpeg
Фортепианные произведения,Ребиков В.И.,В издание вошли фортепианные миниатюры известного русского композитора рубежа XIX-XX веков. Предназначается для учащихся старших классов ДМШ и студентов музыкальных училищ. Издание с параллельным текстом на английском языке.,2 400 тг,0,П.Юргенсон ,2008 г.,9785972000937,84,340 мм x 245 мм,6 мм,Неизвестно,Неизвестно,http://www.bookcity.kz/content/images/thumbs/5021829_1344372.jpeg
Фортепианные пьесы,Шопен Ф.,Шопен Ф. Фортепианные пьесы,3 600 тг,2,Музыка,2016 г.,9790660065365,76,Мягкий,290 мм x 220 мм,5 мм,220 г.,http://www.bookcity.kz/content/images/thumbs/5090138_1428057.jpeg
Фортепиано. 1 класс. ДМШ,Милич Б.,Неизвестно,2 800 тг,5,Кифара,2014 г.,9790706363158,Мягкий,5 мм,265 г.,Неизвестно,Неизвестно,http://www.bookcity.kz/content/images/thumbs/5026539_1349069.jpeg
Фортепиано. 3 класс. ДМШ,Милич Б.,Неизвестно,2 700 тг,5,Кифара,2014 г.,9790706363189,Мягкий,5 мм,Неизвестно,Неизвестно,Неизвестно,http://www.bookcity.kz/content/images/thumbs/5027140_1347891.jpeg
Фортепиано. 4 класс,Милич Б.,Неизвестно,2 500 тг,4,Кифара,2014 г.,9790706363165,120,Мягкий,290 мм x 220 мм,5 мм,Неизвестно,http://www.bookcity.kz/content/images/thumbs/5027141_1347868.jpeg
Фортепиано. 7 класс. ДМШ,Милич Б.,"""Фортепиано"" для 7 класса входит в серию учебно-педагогического репертуара всех классов детской музыкальной школы. Сборник позволяет снабдить учащегося необходимым набором произведений, которые должны быть изучены в течение года по программе. Подбор произведений, их последовательность и глубоко продуманная педагогическая редакция, основаны на многолетнем личном опыте преподавания проф. Б.Е.",3 100 тг,4,Кифара,2009 г.,9790706363462,104,Мягкий,290 мм x 220 мм,10 мм,373 г.,http://www.bookcity.kz/content/images/thumbs/5026542_1348321.jpeg
Фортепиано. Хрестоматия. Часть-1,Григоренко В.,Неизвестно,2 000 тг,2,Кифара,2008 г.,9790706363011,Мягкий,11 мм,Неизвестно,Неизвестно,Неизвестно,http://www.bookcity.kz/content/images/thumbs/5052591_1388312.jpeg
Французские сюиты,Бах И.С.,Неизвестно,3 400 тг,2,Музыка,2007 г.,9785714012563,Мягкий,5 мм,Неизвестно,Неизвестно,Неизвестно,http://www.bookcity.kz/content/images/thumbs/5052628_1357804.jpeg
Хорошо темперированный клавир. Том 1,Бах И.С.,В нотном издании представлены произведения для фортепиано.,4 300 тг,0,Шабатура Д.М,2016 г.,9789857095391,120,Мягкий,10 мм,270 г.,Неизвестно,http://www.bookcity.kz/content/images/thumbs/5111047_1444732.jpeg
Хорошо темперированный клавир. Том 2,Бах И.С.,Неизвестно,7 600 тг,0,Шабатура Д.М,2017 г.,9789857095452,13 мм,Неизвестно,Неизвестно,Неизвестно,Неизвестно,http://www.bookcity.kz/content/images/thumbs/5108473_1444756.jpeg
Хорошо темперированный клавир. Часть 1,Бах И.С.,"Знаменитый цикл великого немецкого композитора. Каждая часть включает 24 прелюдии и фуги во всех тональностях. Настоящая редакция, принадлежащая известному итальянскому пианисту Бруно Муджеллини, получила большую популярность благодаря подробным педагогическим указаниям. Примечания даны на четырех языках - русском, английском, итальянском и французском. Предназначается для учащихся старших классов детских музыкальных школ, студентов музыкальных училищ и консерваторий, а также для концертной практики.",6 300 тг,4,Музыка,2012 г.,9785714002816,120,Мягкий,290 мм x 220 мм,6 мм,315 г.,http://www.bookcity.kz/content/images/thumbs/5035560_1388813.jpeg
Хорошо темперированный клавир. Часть 1,Бах И.С.,Неизвестно,4 700 тг,2,Музыка,2012 г.,9790706380643,Мягкий,8 мм,Неизвестно,Неизвестно,Неизвестно,http://www.bookcity.kz/content/images/thumbs/5122957_1455687.jpeg
Хорошо темперированный клавир. Часть 2,Бах И.С.,"Знаменитый цикл великого немецкого композитора. Каждая часть включает 24 прелюдии и фуги во всех тональностях. Настоящая редакция, принадлежащая известному итальянскому пианисту Бруно Муджеллини, получила большую популярность благодаря подробным педагогическим указаниям. Примечания даны на четырех языках - русском, английском, итальянском и французском. Предназначается для учащихся старших классов детских музыкальных школ, студентов музыкальных училищ и консерваторий, а также для концертной практики.",7 500 тг,3,Музыка,2006-2014 г.,9785714002823,144,Мягкий,290 мм x 220 мм,7 мм,230 г.,http://www.bookcity.kz/content/images/thumbs/5035525_1388814.jpeg
Хорошо темперированный клавир: Том 2,Бах И.С.,Неизвестно,6 400 тг,0,Музыка,9790660062708,Мягкий,9 мм,Неизвестно,Неизвестно,Неизвестно,Неизвестно,http://www.bookcity.kz/content/images/thumbs/5122974_1455699.jpeg
Хрестоматия для фортепиано. 1 класс,Турусова И.,"Учебное пособие составлено известным московским педагогом, заслуженным работником культуры РФ. Содержит обновленный педагогический репертуар, соответствующий программе ДМШ, - разножанровые пьесы отечественных и зарубежных композиторов, сонатины и вариации, этюды и ансамбли. Предназначается для учащихся 1-го класса детских музыкальных школ.",4 500 тг,2,Музыка,2007 г.,9785714007026,96,Мягкий,290 мм x 220 мм,5 мм,214 г.,http://www.bookcity.kz/content/images/thumbs/5035854_1357805.jpeg
Хрестоматия для фортепиано. 2 класс,Турусова И.,"Новое учебное пособие, составленное известным московским педагогом-пианистом, заслуженным работником культуры РФ. Содержит обновленный педагогический репертуар, соответствующий программе ДМШ, - произведения разных жанров от миниатюр до сочинений крупной формы. Предназначается для учащихся 2-го класса детских музыкальных школ.",3 200 тг,1,Музыка,2007 г.,9785714010569,76,Мягкий,290 мм x 220 мм,5 мм,198 г.,http://www.bookcity.kz/content/images/thumbs/5035496_1357781.jpeg
Хрестоматия для фортепиано. Младшие классы ДМШ. Произведения крупной формы,"Гудова Е.И., Смирнов В.Д.,Чернышков  С.А.","Настоящее издание открывает серию из трех сборников, включающих произведения крупной формы: сонаты, сонатины, рондо и вариации. Три выпуска серии предназначены соответственно для младших, средних и старших классов ДМШ и ДШИ. Произведения располагаются по возрастанию степени трудности. Задача осуществляемого издания - расширение и обновление детского фортепианного репертуара. Составлялись сборники главным образом из малоизвестных произведений, которые представляют собой ценный по музыке материал, способный обогатить педагогический обиход. Принцип дифференцированности процесса обучения обусловил включение в каждый выпуск музыкальных произведений широкого спектра технической трудности и стилистического разнообразия. Круг авторов охватывает период развития музыкальной культуры с конца XVII века по настоящее время. Составители учли особенности современного педагогического процесса, а именно наличие в одной ученической категории детей с разными музыкальными данными и...",4 500 тг,2,Музыка,2007 г.,9785714012433,80,Мягкий,290 мм x 220 мм,7 мм,230 г.,http://www.bookcity.kz/content/images/thumbs/5072336_1411795.jpeg
Неизвестно,Неизвестно,Неизвестно,Неизвестно,Неизвестно,Неизвестно,Неизвестно,Неизвестно,Неизвестно,Неизвестно,Неизвестно,Неизвестно,Неизвестно,Неизвестно
Хрестоматия педагогического реперутара для фортепиано. Полифонические пьесы. Выпуск1. 5 класс ДМШ,Копчевский Н.,"Хрестоматия является основным учебным пособием для учащихся детских музыкальных школ. Здесь отобраны произведения, пользующиеся наибольшей популярностью и ставшие неотъемлемой частью педагогического репертуара.",2 400 тг,0,Музыка,2014 г.,9785714001932,48,Мягкий,290 мм x 220 мм,5 мм,Неизвестно,http://www.bookcity.kz/content/images/thumbs/5024130_1345598.jpeg
"Хэлло, Долли! Hello. Dolly! Популярная музыка зарубежных композиторов для балалайки и фортепиано",Афанасьев А.В.,Неизвестно,1 400 тг,0,ИП Козлов Сергей,9790706363493,6 мм,Неизвестно,Неизвестно,Неизвестно,Неизвестно,Неизвестно,http://www.bookcity.kz/content/images/thumbs/5123468_1456175.jpeg
Школа - самоучитель игры на фортепиано,Катанский В.,"Основная задача предлагаемой Школы-самоучителя - дать начальные навыки фортепианного исполнительства, познакомить с основами музыкальной грамоты. Школа-самоучитель включает два раздела: I - Школа игры, II - Подбор по слуху, сочинение и импровизация. Рекомендации, предлагаемые во II разделе, помогут начинающему музыканту научиться подбирать на фортепиано любимые мелодии с аккомпанементом, а также самому сочинять небольшие пьесы. После методической части следует Хрестоматия, содержащая музыкальные пьесы разной степени сложности, предназначенные для исполнения в 2 руки, в 4 руки, а также песни для голоса в сопровождении фортепиано.В Школе широко представлена музыка XX века. Школа-самоучитель может быть использована как учебное пособие для занятий в музыкальных школах (младших и старших классах) и для самостоятельного обучения игре на фортепиано.",5 300 тг,5,Катанского ИД,2007 г.,9785896080114,208,Мягкий,290 мм x 220 мм,11 мм,98 г.,http://www.bookcity.kz/content/images/thumbs/5002756_1324878.jpeg
Школа Legato и Staccato,Черни К.,"Публикуемая впервые в полном виде в России «Школа Legato и Staccato» (ор. 335) Черни (редакция Шультце), как и известные 299-й и 740-й опусы, послужит прекрасным материалом, на котором будут воспитываться юные музыканты (учащиеся старших классов ДМШ и студенты младших курсов музыкальных училищ). Но такие затейливые и художественно осмысленные сочинения, как эти этюды, будут интересны не только пианистам: они послужат и теоретикам, и композиторам, и дирижерам, и пытливым студентам-оркестрантам. Небезынтересными и весьма полезными они станут для музыкантов-любителей. Судя по заголовку Школы, Черни, блестящий педагог-пианист, ставит вроде бы узкую задачу: обучить художественным приемам Legato и Staccato однако по существу в настоящей Школе преследуются цели значительно более широкие. Этюды этого опуса направлены на овладение практически всеми видами техники. Здесь мелкая, гаммообразная техника, блестящие «жемчужные» пассажи (фиоритуры), арпеджии, двойные ноты, бравурная аккордовая и октавная техника, льющиеся, связные мелодические линии (cantabile), полифоническая ткань, орнаментальные ажурные строения, репетиции, бурные токкатообразные сочинения. Многие из этюдов настолько интересны, что могут исполняться как самостоятельные пьесы.",4 700 тг,2,Шабатура Д.М,2017 г.,9789857095919,96,Мягкий,15 мм,130 г.,Неизвестно,http://www.bookcity.kz/content/images/thumbs/5116148_1449091.jpeg
Школа беглости,Черни К.,"Вашему вниманию предлагается нотное издание К.Черни ""Школа беглости для фортепиано. Тетради I-IV"".",4 800 тг,1,Шабатура Д.М,2017 г.,9789857095032,104,Мягкий,10 мм,270 г.,Неизвестно,http://www.bookcity.kz/content/images/thumbs/5116191_1449134.jpeg
Школа беглости. Соч. 299: Для фортепиано (тетради I-IV),Черни К.,"Издание содержит популярные в пианистической практике этюды выдающегося австрийского педагога, пианиста и композитора. Предназначается для учащихся средних и старших классов детских музыкальных школ.",5 500 тг,4,Музыка,2014 г.,9790660060124,104,Мягкий,290 мм x 220 мм,7 мм,305 г.,http://www.bookcity.kz/content/images/thumbs/5052333_1388649.jpeg
Школа игры на фортепиано,Николаев А.,"Школа игры на фортепиано под общей редакцией А.Николаева публикуется издательством ""Музыка"" в течение многих десятилетий. При наличии достаточного количества методических сборников и хрестоматий ""Школа Николаева"" является универсальным учебно-методическим пособием для начального обучения игре на фортепиано. В своих педагогических принципах Школа опирается на богатые отечественные пианистические традиции.",8 800 тг,5,Музыка,2012 г.,9790660060513,200,Мягкий,290 мм x 220 мм,10 мм,435 г.,http://www.bookcity.kz/content/images/thumbs/5094626_1353587.jpeg
Школа октав,Веселова А.,Неизвестно,1 100 тг,0,Союз Художников,2009 г.,2200001676879,5 мм,Неизвестно,Неизвестно,Неизвестно,Неизвестно,http://www.bookcity.kz/content/images/thumbs/5005458_1327191.jpeg
Этюды для начинающих,Черни К.,"Вашему вниманию предлагается нотное издание ""Карл Черни. Этюды для начинающих"" для фортепиано.",4 400 тг,1,Шабатура Д.М,2016 г.,9789857024988,80,Мягкий,5 мм,180 г.,Неизвестно,http://www.bookcity.kz/content/images/thumbs/5111079_1444745.jpeg
Этюды для фортепиано,Лешгорн К.А.,Неизвестно,1 400 тг,3,Кифара,9790706363417,Мягкий,7 мм,213 г.,Неизвестно,Неизвестно,Неизвестно,http://www.bookcity.kz/content/images/thumbs/5004202_1326234.jpeg
Этюды для фортепиано. Сочинение 10,Шопен Ф.,Неизвестно,3 500 тг,2,Музыка,9790706380810,Мягкий,5 мм,Неизвестно,Неизвестно,Неизвестно,Неизвестно,http://www.bookcity.kz/content/images/thumbs/5122950_1455684.jpeg
Этюды Ф. Шопена,Кирсанова Э.,Неизвестно,700 тг,0,Өнер,2008 г.,9789965768866,Мягкий,10 мм,Неизвестно,Неизвестно,Неизвестно,http://www.bookcity.kz/content/images/thumbs/5106717_1443056.jpeg
Этюды. Для фортепиано,Шопен Ф.,Неизвестно,4 000 тг,3,Музыка,2016 г.,9790660060674,6 мм,Неизвестно,Неизвестно,Неизвестно,Неизвестно,http://www.bookcity.kz/content/images/thumbs/5086490_1425229.jpeg
Этюды: Для фортепиано. Соч. 65,Лешгорн К.А.,Неизвестно,1 800 тг,2,Музыка,9790660060902,Мягкий,10 мм,Неизвестно,Неизвестно,Неизвестно,Неизвестно,http://www.bookcity.kz/content/images/thumbs/5123062_1455793.jpeg
Этюды: Для фортепиано. Соч. 66,Лешгорн К.А.,Неизвестно,3 300 тг,0,Музыка,9790660060896,Мягкий,6 мм,Неизвестно,Неизвестно,Неизвестно,Неизвестно,http://www.bookcity.kz/content/images/thumbs/5123089_1455820.jpeg
Юному музыканту-пианисту. 1 класс: хрестоматия для учащихся ДМШ,Цыганова Г.,"Вы держите в руках хрестоматию педагогического репертуара для учеников 1 класса детской музыкальной школы. Составление данного сборника вызвано необходимостью иметь под рукой, в одном учебнике достаточное количество музыкально-педагогического материала для обучения ребенка игре на фортепиано в течение всего года. В сборник включены пьесы из многих, изданных ранее учебных пособий, позволяющие решить проблемы данного периода обучения. В соответствии с программными требованиями ДМШ и ДШИ в хрестоматию вошли произведения, представляющие следующие разделы: полифония, крупная форма, пьесы, этюды и ансамбли. Обширный художественный и инструктивный материал позволяет выбрать достаточное количество пьес для приобретения и закрепления знаний и навыков с учетом индивидуальных возможностей ученика. В силу особенностей начального периода обучения материал не делится на разделы, а представлен по принципу постепенного усложнения. Весь подбор и систематизация произведений...",2 700 тг,4,Феникс,2014 г.,9790660032138,88,Мягкий,6 мм,200 г.,Неизвестно,http://www.bookcity.kz/content/images/thumbs/3817059_1387068.jpeg
Юному музыканту-пианисту. 2 класс. Хрестоматия для учащихся ДМШ,Цыганова Г.,Неизвестно,2 800 тг,2,Феникс,2018 г.,9790660036006,Мягкий,290 мм x 210 мм,6 мм,170 г.,Неизвестно,http://www.bookcity.kz/content/images/thumbs/5130079_1462473.jpeg
Юному музыканту-пианисту. 5 класс. Хрестоматия для учащихся ДМШ,Цыганова Г.,"Появление данного сборника вызвано необходимостью расширить традиционный репертуар учеников 5 класса ДМШ и ДШИ. В хрестоматии собрано достаточное количество музыкально-педагогического материала, позволяющее отойти от широко известных произведений, освоив тем не менее все разделы программы с учетом индивидуальных возможностей ученика. Подбор и систематизация произведений явились отражением общеизвестных педагогических принципов и, в равной степени, результатом многолетнего опыта работы с детьми авторов-составителей.",4 400 тг,0,Феникс,2018 г.,9790660034606,Мягкий,290 мм x 210 мм,13 мм,370 г.,Неизвестно,http://www.bookcity.kz/content/images/thumbs/5132201_1464546.jpeg
Юному музыканту-пианисту. 7 класс. Хрестоматия для учащихся ДМШ,Цыганова Г.,"Появление данного сборника вызвано необходимостью расширить традиционный репертуар учеников 7 класса ДМШ и ДШИ. В хрестоматии собрано достаточное количество музыкально-педагогического материала, позволяющее отойти от широко известных произведений, освоив тем не менее все разделы программы с учетом индивидуальных возможностей ученика. Подбор и систематизация произведений явилась отражением общеизвестных педагогических принципов и в равной степени результатом многолетнего опыта работы с детьми авторов-составителей.",6 500 тг,3,Феникс,2018 г.,9790660034798,Мягкий,13 мм,Неизвестно,Неизвестно,Неизвестно,http://www.bookcity.kz/content/images/thumbs/5130097_1462491.jpeg
Юному музыканту-пианисту. Хрестоматия для учащихся детской музыкальной школы. 4 класс. Учебно-методическое пособие,Цыганова Г.,"Появление данного сборника вызвано необходимостью расширить традиционный репертуар учеников 4 класса ДМШ и ДШИ.В хрестоматии собрано достаточное количество музыкально-педагогического материала, позволяющее отойти от широко известных произведений, освоив, тем не менее, все разделы программы с учетом индивидуальных возможностей ученика.Весь подбор и систематизация произведений явились отражением как общеизвестных педагогических принципов, так и результатом собственного многолетнего опыта работы с детьми.",3 500 тг,4,Феникс,2017 г.,9790660035566,104,Мягкий,10 мм,230 г.,Неизвестно,http://www.bookcity.kz/content/images/thumbs/5123390_1456091.jpeg
Юному музыканту-пианисту. Хрестоматия для учащихся ДМШ. 3 класс,Цыганова Г.,"Вы держите в руках хрестоматию для учеников 3 класса детской музыкальной школы.Составление данного сборника вызвано необходимостью иметь в одном учебнике достаточное количество музыкально-педагогического материала для обучения ребенка игре па фортепиано в течение всего года.В сборник включены произведения из многих, изданных ранее учебных пособий, позволяющие решить проблемы данного периода обучения.В соответствии с программными требованиями ДМШ и ДШИ в хрестоматию вошли произведения, представляющие следующие разделы: полифония, крупная форма, пьесы, этюды и ансамбли. Несмотря на то, что в сборнике не используются этюды К. Черни и Л. Лемуана, полифонические пьесы из ""Нотной тетради A.M. Бах"", пьесы из авторских сборников П. Чайковского, Р. Шумана, Д. Кабалевского, несомненно, необходимые в работе с детьми, представленный художественный и инструктивный материал расширяет репертуарную палитру педагога и позволяет выбрать необходимое количество произведений для работы с учеником 3 класса, учитывая его индивидуальность.",3 100 тг,5,Феникс,2018 г.,9790660035900,96,Мягкий,5 мм,245 г.,Неизвестно,http://www.bookcity.kz/content/images/thumbs/5132399_1443643.jpeg
